2026.05.18,20:00,0.7174115777015686,0.7175660133361816,0.7173087000846863,0.7175145149230957,0
2026.05.19,00:00,0.7175660133361816,0.7177205085754395,0.7140816450119019,0.7143877744674683,0
2026.05.19,04:00,0.7142347097396851,0.7146430611610413,0.7128092050552368,0.7136739492416382,0
2026.05.19,08:00,0.7133685350418091,0.71387779712677,0.7112881541252136,0.7118450999259949,0
2026.05.19,12:00,0.7121492624282837,0.7125552296638489,0.708365797996521,0.7087172269821167,0
2026.05.19,16:00,0.7087674736976624,0.7118450999259949,0.7086167335510254,0.710883617401123,0
2026.05.19,20:00,0.7111363410949707,0.7113387584686279,0.7108330726623535,0.7109847068786621,0
2026.05.20,00:00,0.7110353112220764,0.7114905714988708,0.709069013595581,0.7098743319511414,0
2026.05.20,04:00,0.7096728086471558,0.7112881541252136,0.7096728086471558,0.710782527923584,0
2026.05.20,08:00,0.710782527923584,0.7128092050552368,0.710732102394104,0.7127583622932434,0
2026.05.20,12:00,0.7126059532165527,0.7156146764755249,0.7117944359779358,0.7156146764755249,0
2026.05.20,16:00,0.7157171368598938,0.7173087000846863,0.7150518298149109,0.7161784768104553,0
2026.05.20,20:00,0.7163323760032654,0.7163323760032654,0.7152052521705627,0.7154611349105835,0
2026.05.21,00:00,0.7155122756958008,0.7158707976341248,0.7106815576553345,0.7110353112220764,0
2026.05.21,04:00,0.711186945438385,0.7131650447845459,0.711186945438385,0.7114905714988708,0
2026.05.21,08:00,0.7116424441337585,0.714438796043396,0.7112375497817993,0.7128599882125854,0
2026.05.21,12:00,0.7128092050552368,0.7139797210693359,0.7119971513748169,0.713928759098053,0
2026.05.21,16:00,0.7137758731842041,0.7170514464378357,0.7126567959785461,0.7150007486343384,0
2026.05.21,20:00,0.7150518298149109,0.7160758972167969,0.7149496078491211,0.7154099345207214,0
2026.05.22,00:00,0.7154099345207214,0.7154099345207214,0.71387779712677,0.7141836881637573,0
2026.05.22,04:00,0.7142347097396851,0.7147452235221863,0.7135721445083618,0.7138268351554871,0
2026.05.22,08:00,0.7135212421417236,0.7142857313156128,0.7127075791358948,0.7128092050552368,0
2026.05.22,12:00,0.7128092050552368,0.7143877744674683,0.7120478749275208,0.7130632996559143,0
2026.05.22,16:00,0.7129108309745789,0.7143877744674683,0.7128092050552368,0.7140816450119019,0
2026.05.22,20:00,0.7141326665878296,0.7141326665878296,0.7129108309745789,0.7129616141319275,0
2026.05.25,00:00,0.7162297964096069,0.7173600792884827,0.7156659364700317,0.7166403532028198,0
2026.05.25,04:00,0.716794490814209,0.7174115777015686,0.7162810564041138,0.7168973088264465,0
2026.05.25,08:00,0.716794490814209,0.7172057628631592,0.7156146764755249,0.7168458700180054,0
2026.05.25,12:00,0.7168458700180054,0.7180297374725342,0.7166917324066162,0.7180297374725342,0
2026.05.25,16:00,0.7179781794548035,0.7182360291481018,0.7173087000846863,0.7177720069885254,0
2026.05.25,20:00,0.7177720069885254,0.7179266214370728,0.7172057628631592,0.7176690101623535,0
2026.05.26,00:00,0.7176690101623535,0.7178235650062561,0.7164863348007202,0.7168458700180054,0
2026.05.26,04:00,0.7168458700180054,0.7174630165100098,0.7159220576286316,0.7169486880302429,0
2026.05.26,08:00,0.7166917324066162,0.7170514464378357,0.7160758972167969,0.7170514464378357,0
2026.05.26,12:00,0.7168458700180054,0.7176690101623535,0.7165377140045166,0.7170000672340393,0
2026.05.26,16:00,0.7170000672340393,0.717154324054718,0.7161784768104553,0.717154324054718,0
2026.05.26,20:00,0.7169486880302429,0.7175145149230957,0.7168973088264465,0.7170000672340393,0
2026.05.27,00:00,0.7170514464378357,0.7181844115257263,0.7157683968544006,0.716383695602417,0
2026.05.27,04:00,0.7164350152015686,0.7168458700180054,0.7149496078491211,0.7149496078491211,0
2026.05.27,08:00,0.7150007486343384,0.7151541113853455,0.7135212421417236,0.7135212421417236,0
2026.05.27,12:00,0.7137249112129211,0.715103030204773,0.7127583622932434,0.7129616141319275,0
2026.05.27,16:00,0.7129108309745789,0.7143367528915405,0.7129108309745789,0.7141836881637573,0
2026.05.27,20:00,0.7141326665878296,0.7145408987998962,0.7138268351554871,0.714438796043396,0
2026.05.28,00:00,0.7143877744674683,0.7146430611610413,0.7121492624282837,0.7126567959785461,0
2026.05.28,04:00,0.7127583622932434,0.7129108309745789,0.7101768255233765,0.7124029397964478,0
2026.05.28,08:00,0.7125552296638489,0.7129108309745789,0.7113893628120422,0.7115918397903442,0
2026.05.28,12:00,0.7115918397903442,0.7158196568489075,0.7115918397903442,0.7150007486343384,0
2026.05.28,16:00,0.7154099345207214,0.7171028852462769,0.7154099345207214,0.7166403532028198,0
2026.05.28,20:00,0.7164863348007202,0.7168458700180054,0.7162297964096069,0.7164863348007202,0
2026.05.29,00:00,0.716589093208313,0.7169486880302429,0.7159220576286316,0.71602463722229,0
2026.05.29,04:00,0.7159733772277832,0.7169486880302429,0.7156146764755249,0.7164350152015686,0
2026.05.29,08:00,0.7161784768104553,0.7166917324066162,0.71525639295578,0.7160758972167969,0
2026.05.29,12:00,0.71602463722229,0.7198387980461121,0.71602463722229,0.7198387980461121,0
2026.05.29,16:00,0.719631552696228,0.7202535271644592,0.7184939980506897,0.7187005877494812,0
2026.05.29,20:00,0.7184939980506897,0.7191658020019531,0.7184939980506897,0.7185972929000854,0
2026.06.01,00:00,0.7181328535079956,0.7189589142799377,0.7180812358856201,0.7187005877494812,0
2026.06.01,04:00,0.7187522649765015,0.7192174792289734,0.7180812358856201,0.7184939980506897,0
2026.06.01,08:00,0.718339204788208,0.7188039422035217,0.7177720069885254,0.7178235650062561,0
2026.06.01,12:00,0.7178235650062561,0.7179266214370728,0.7137758731842041,0.7144898176193237,0
2026.06.01,16:00,0.714438796043396,0.7171028852462769,0.714438796043396,0.7165377140045166,0
2026.06.01,20:00,0.716383695602417,0.7168973088264465,0.7162297964096069,0.716383695602417,0
2026.06.02,00:00,0.7164350152015686,0.7170000672340393,0.7155634760856628,0.7161272168159485,0
2026.06.02,04:00,0.7161784768104553,0.7180812358856201,0.7157683968544006,0.7179781794548035,0
2026.06.02,08:00,0.7179781794548035,0.7188555598258972,0.717875063419342,0.7185972929000854,0
2026.06.02,12:00,0.7185972929000854,0.7186489701271057,0.7173600792884827,0.7186489701271057,0
2026.06.02,16:00,0.7187005877494812,0.7190106511116028,0.7174115777015686,0.7181328535079956,0
2026.06.02,20:00,0.7182360291481018,0.71854567527771,0.7179781794548035,0.7180812358856201,0
2026.06.03,00:00,0.7180812358856201,0.718339204788208,0.7173600792884827,0.7176175117492676,0
2026.06.03,04:00,0.7175660133361816,0.7177720069885254,0.7156659364700317,0.7161784768104553,0
2026.06.03,08:00,0.7161272168159485,0.7177720069885254,0.7161272168159485,0.7171028852462769,0
2026.06.03,12:00,0.7170514464378357,0.7172572016716003,0.7141326665878296,0.7150007486343384,0
2026.06.03,16:00,0.714796245098114,0.7148984670639038,0.7132667899131775,0.7133176326751709,0
2026.06.03,20:00,0.7132667899131775,0.71387779712677,0.7129616141319275,0.71387779712677,0
2026.06.04,00:00,0.7137758731842041,0.713928759098053,0.7126567959785461,0.7130124568939209,0
2026.06.04,04:00,0.7129108309745789,0.7140816450119019,0.7125552296638489,0.7137249112129211,0
2026.06.04,08:00,0.71387779712677,0.7140306830406189,0.7129108309745789,0.7136739492416382,0
2026.06.04,12:00,0.71387779712677,0.715103030204773,0.7138268351554871,0.7142347097396851,0
2026.06.04,16:00,0.7143367528915405,0.7145919799804688,0.71387779712677,0.71387779712677,0
2026.06.04,20:00,0.713928759098053,0.7141836881637573,0.7135212421417236,0.7136231064796448,0
2026.06.05,00:00,0.7136739492416382,0.7138268351554871,0.710883617401123,0.7128092050552368,0
2026.06.05,04:00,0.7128092050552368,0.7132158875465393,0.7118450999259949,0.7127583622932434,0
2026.06.05,08:00,0.7127075791358948,0.7145408987998962,0.7127075791358948,0.7143877744674683,0
2026.06.05,12:00,0.7143877744674683,0.7145919799804688,0.7069635987281799,0.7083156108856201,0
2026.06.05,16:00,0.708365797996521,0.708365797996521,0.7045726776123047,0.7047216296195984,0
2026.06.05,20:00,0.7044734358787537,0.7049700617790222,0.7040765881538391,0.7049700617790222,0
2026.06.08,00:00,0.7036307454109192,0.7063643336296082,0.7036307454109192,0.7055171132087708,0
2026.06.08,04:00,0.7054673433303833,0.7056665420532227,0.7038288712501526,0.7046223282814026,0
2026.06.08,08:00,0.7046223282814026,0.7063643336296082,0.7042253613471985,0.7060650587081909,0
2026.06.08,12:00,0.7060152888298035,0.7079144716262817,0.7049203515052795,0.7060650587081909,0
2026.06.08,16:00,0.7060650587081909,0.7064142823219299,0.7047216296195984,0.7047216296195984,0
2026.06.08,20:00,0.7047712802886963,0.7049700617790222,0.7044237852096558,0.7047216296195984,0
2026.06.09,00:00,0.7047712802886963,0.7061149477958679,0.7037297487258911,0.7050694227218628,0
2026.06.09,04:00,0.7050197124481201,0.7071635127067566,0.7044237852096558,0.7060650587081909,0
2026.06.09,08:00,0.7062146663665771,0.7063144445419312,0.7050197124481201,0.705865740776062,0
2026.06.09,12:00,0.7059155702590942,0.7064641118049622,0.7036802172660828,0.7042749524116516,0
2026.06.09,16:00,0.7043245434761047,0.7047216296195984,0.7009181976318359,0.7035317420959473,0
2026.06.09,20:00,0.7034327387809753,0.7035317420959473,0.702049970626831,0.7022472023963928,0
2026.06.10,00:00,0.7021978497505188,0.7033337950706482,0.7018528580665588,0.7023458480834961,0
2026.06.10,04:00,0.7024445533752441,0.7030371427536011,0.7011638879776001,0.702049970626831,0
2026.06.10,08:00,0.7020007371902466,0.7024445533752441,0.700721800327301,0.7013606429100037,0
2026.06.10,12:00,0.7013606429100037,0.7039278745651245,0.7001330256462097,0.7022472023963928,0
2026.06.10,16:00,0.7024939060211182,0.7027900815010071,0.7012130618095398,0.701311469078064,0
2026.06.10,20:00,0.7011147737503052,0.7012622952461243,0.6993007063865662,0.6995453238487244,0
2026.06.11,00:00,0.6993007063865662,0.7012130618095398,0.6990562677383423,0.7005744576454163,0
2026.06.11,04:00,0.7006726861000061,0.7014098763465881,0.7000839710235596,0.7005254030227661,0
2026.06.11,08:00,0.700427234172821,0.7010164856910706,0.699349582195282,0.6997900605201721,0
2026.06.11,12:00,0.6998390555381775,0.7000839710235596,0.6982752084732056,0.6986654996871948,0
2026.06.11,16:00,0.6988120079040527,0.7037792801856995,0.6987631916999817,0.7033832669258118,0
2026.06.11,20:00,0.7036307454109192,0.7055171132087708,0.7036307454109192,0.7054175734519958,0
2026.06.12,00:00,0.7054175734519958,0.7055171132087708,0.7031854391098022,0.7038288712501526,0
2026.06.12,04:00,0.7038784027099609,0.7047216296195984,0.7028394937515259,0.7034822702407837,0
2026.06.12,08:00,0.7034822702407837,0.705566942691803,0.7023952007293701,0.7044734358787537,0
2026.06.12,12:00,0.7044734358787537,0.705268383026123,0.7035317420959473,0.705268383026123,0
2026.06.12,16:00,0.7054673433303833,0.7060152888298035,0.7046223282814026,0.7051689028739929,0
2026.06.12,20:00,0.7051191329956055,0.7053678035736084,0.7047216296195984,0.7048706412315369,0
2026.06.15,00:00,0.7079144716262817,0.708817720413208,0.706813633441925,0.708014726638794,0
2026.06.15,04:00,0.7079144716262817,0.7089684009552002,0.7072635889053345,0.7075638175010681,0
2026.06.15,08:00,0.7076640129089355,0.7079144716262817,0.7070136070251465,0.7076139450073242,0
2026.06.15,12:00,0.7075638175010681,0.7088679671287537,0.7067137956619263,0.7088679671287537,0
2026.06.15,16:00,0.708817720413208,0.7089684009552002,0.7076139450073242,0.7077140808105469,0
2026.06.15,20:00,0.707764208316803,0.7079144716262817,0.7069635987281799,0.7072135806083679,0
2026.06.16,00:00,0.7072135806083679,0.7076640129089355,0.705865740776062,0.7065140604972839,0
2026.06.16,04:00,0.7064641118049622,0.7067137956619263,0.7047216296195984,0.7057162523269653,0
2026.06.16,08:00,0.7056167125701904,0.70806485414505,0.7056167125701904,0.70806485414505,0
2026.06.16,12:00,0.7079144716262817,0.708014726638794,0.7066638469696045,0.708014726638794,0
2026.06.16,16:00,0.7081149816513062,0.708165168762207,0.7071135640144348,0.7074637413024902,0
2026.06.16,20:00,0.7075137495994568,0.7076139450073242,0.7067137956619263,0.7072135806083679,0
2026.06.17,00:00,0.7070635557174683,0.7074137330055237,0.7065140604972839,0.7066138982772827,0
2026.06.17,04:00,0.7065140604972839,0.7066638469696045,0.7057162523269653,0.7059653997421265,0
2026.06.17,08:00,0.7059653997421265,0.7066638469696045,0.7059155702590942,0.7060650587081909,0
2026.06.17,12:00,0.7061647772789001,0.7075137495994568,0.7059653997421265,0.7068636417388916,0
2026.06.17,16:00,0.7069135904312134,0.707764208316803,0.7035317420959473,0.7042253613471985,0
2026.06.17,20:00,0.7046223282814026,0.7046223282814026,0.6999860405921936,0.7017051577568054,0
2026.06.18,00:00,0.7018036246299744,0.7042253613471985,0.7018036246299744,0.7038288712501526,0
2026.06.18,04:00,0.7038784027099609,0.7043741345405579,0.7031360268592834,0.704026997089386,0
2026.06.18,08:00,0.704026997089386,0.704026997089386,0.7007708549499512,0.7007708549499512,0
2026.06.18,12:00,0.700869083404541,0.7039278745651245,0.7003781795501709,0.7039278745651245,0
2026.06.18,16:00,0.7038288712501526,0.7038288712501526,0.7017543911933899,0.7017543911933899,0
2026.06.18,20:00,0.7016066908836365,0.7023458480834961,0.7010656595230103,0.7019514441490173,0
2026.06.19,00:00,0.7019514441490173,0.7020007371902466,0.7006726861000061,0.701311469078064,0
2026.06.19,04:00,0.7014589905738831,0.7014589905738831,0.6992028951644897,0.701311469078064,0
2026.06.19,08:00,0.7015082240104675,0.7022472023963928,0.7009181976318359,0.7016066908836365,0
2026.06.19,12:00,0.701557457447052,0.7025925517082214,0.7010164856910706,0.7013606429100037,0
2026.06.19,16:00,0.7016066908836365,0.7016066908836365,0.7010164856910706,0.7015082240104675,0
2026.06.19,20:00,0.7016066908836365,0.7018036246299744,0.7010164856910706,0.701557457447052,0
2026.06.22,00:00,0.7007708549499512,0.7020007371902466,0.7001820206642151,0.7012622952461243,0
2026.06.22,04:00,0.7011638879776001,0.7014589905738831,0.7000839710235596,0.7005744576454163,0
2026.06.22,08:00,0.7006235718727112,0.7007708549499512,0.6997410655021667,0.7003781795501709,0
2026.06.22,12:00,0.7002801299095154,0.7014098763465881,0.7002310752868652,0.7012622952461243,0
2026.06.22,16:00,0.701311469078064,0.701557457447052,0.6999370455741882,0.7003291845321655,0
2026.06.22,20:00,0.7003781795501709,0.700869083404541,0.6997410655021667,0.7000839710235596,0
2026.06.23,00:00,0.7001820206642151,0.7001820206642151,0.69773930311203,0.69773930311203,0
2026.06.23,04:00,0.6977880001068115,0.6980315446853638,0.6952652335166931,0.695652186870575,0
2026.06.23,08:00,0.6955069899559021,0.6964273452758789,0.6945409178733826,0.6946856379508972,0
2026.06.23,12:00,0.6946856379508972,0.6949753165245056,0.6930487751960754,0.693385124206543,0
2026.06.23,16:00,0.6932889819145203,0.6933370232582092,0.6909895539283752,0.6912283301353455,0
2026.06.23,20:00,0.6912761330604553,0.6921852231025696,0.6912761330604553,0.6917064189910889,0
2026.06.24,00:00,0.691658616065979,0.6924248337745667,0.6907030940055847,0.6907030940055847,0
2026.06.24,04:00,0.6907030940055847,0.6919457912445068,0.6904646754264832,0.6908462643623352,0
2026.06.24,08:00,0.6907985806465149,0.6909895539283752,0.6888000965118408,0.6891323924064636,0
2026.06.24,12:00,0.6894174218177795,0.690321683883667,0.688895046710968,0.6894174218177795,0
2026.06.24,16:00,0.6894649863243103,0.6908462643623352,0.6886577606201172,0.6888000965118408,0
2026.06.24,20:00,0.6888000965118408,0.6904646754264832,0.6886103749275208,0.6898455023765564,0
2026.06.25,00:00,0.6898455023765564,0.6908940076828003,0.6890848875045776,0.6895125508308411,0
2026.06.25,04:00,0.689560055732727,0.6905600428581238,0.6890373826026917,0.6891798973083496,0
2026.06.25,08:00,0.6890848875045776,0.6908462643623352,0.6890848875045776,0.6893699169158936,0
2026.06.25,12:00,0.6895125508308411,0.6916107535362244,0.6890848875045776,0.6910849809646606,0
2026.06.25,16:00,0.6909895539283752,0.6929046511650085,0.6909895539283752,0.6918021440505981,0
2026.06.25,20:00,0.6918021440505981,0.6918978691101074,0.6908940076828003,0.6910849809646606,0
2026.06.26,00:00,0.6910372376441956,0.6910849809646606,0.6878525614738464,0.6881839036941528,0
2026.06.26,04:00,0.6881839036941528,0.6901311278343201,0.6880891919136047,0.6900835037231445,0
2026.06.26,08:00,0.6898455023765564,0.6907985806465149,0.6889424324035645,0.6905600428581238,0
2026.06.26,12:00,0.6906077861785889,0.6918500065803528,0.6899406909942627,0.6902740597724915,0
2026.06.26,16:00,0.6902264356613159,0.6911327838897705,0.6897027492523193,0.6897027492523193,0
2026.06.26,20:00,0.6896551251411438,0.6902264356613159,0.6894174218177795,0.6901311278343201,0
2026.06.29,00:00,0.6897503137588501,0.6899882555007935,0.6884207725524902,0.6893223524093628,0
2026.06.29,04:00,0.6894649863243103,0.6906077861785889,0.6889899373054504,0.6905600428581238,0
2026.06.29,08:00,0.6904169917106628,0.6905600428581238,0.6893223524093628,0.6902740597724915,0
2026.06.29,12:00,0.6903693079948425,0.6904646754264832,0.6880418062210083,0.6883733868598938,0
2026.06.29,16:00,0.6882312893867493,0.6894649863243103,0.6881365180015564,0.6892749071121216,0
2026.06.29,20:00,0.6893223524093628,0.6894174218177795,0.6887526512145996,0.6890373826026917,0
2026.06.30,00:00,0.6890373826026917,0.6891323924064636,0.6868603825569153,0.6870018839836121,0
2026.06.30,04:00,0.6871907711029053,0.6880418062210083,0.6870018839836121,0.6880418062210083,0
2026.06.30,08:00,0.6878525614738464,0.6892749071121216,0.6878525614738464,0.6892749071121216,0
2026.06.30,12:00,0.6890848875045776,0.6930967569351196,0.6885156035423279,0.6930967569351196,0
2026.06.30,16:00,0.6929046511650085,0.6929046511650085,0.6911805272102356,0.6923769116401672,0
2026.06.30,20:00,0.6923289895057678,0.6926167011260986,0.6917064189910889,0.6919457912445068,0
2026.07.01,00:00,0.6919457912445068,0.6920415163040161,0.6886103749275208,0.6891798973083496,0
2026.07.01,04:00,0.6890848875045776,0.6898455023765564,0.688847541809082,0.6893223524093628,0
2026.07.01,08:00,0.6892749071121216,0.6901787519454956,0.6889424324035645,0.6901311278343201,0
2026.07.01,12:00,0.6901311278343201,0.6917064189910889,0.688847541809082,0.6905123591423035,0
2026.07.01,16:00,0.6905123591423035,0.6910372376441956,0.6895125508308411,0.6897978782653809,0
2026.07.01,20:00,0.6898455023765564,0.690035879611969,0.6892749071121216,0.6895125508308411,0
2026.07.02,00:00,0.6894649863243103,0.690321683883667,0.6887052059173584,0.6896551251411438,0
2026.07.02,04:00,0.6897978782653809,0.6901787519454956,0.6887526512145996,0.6899406909942627,0
2026.07.02,08:00,0.6896076202392578,0.6912283301353455,0.6893699169158936,0.6900835037231445,0
2026.07.02,12:00,0.6899882555007935,0.6944926381111145,0.6889899373054504,0.6936255693435669,0
2026.07.02,16:00,0.6935774683952332,0.694155216217041,0.6917542815208435,0.6921852231025696,0
2026.07.02,20:00,0.6920893788337708,0.6928566694259644,0.6916107535362244,0.6921373009681702,0
2026.07.03,00:00,0.6921852231025696,0.6941069960594177,0.6913716793060303,0.6939143538475037,0
2026.07.03,04:00,0.6938180923461914,0.6951685547828674,0.6936255693435669,0.6946374177932739,0
2026.07.03,08:00,0.6944444179534912,0.6950236558914185,0.6939625144004822,0.6941069960594177,0
2026.07.03,12:00,0.694058895111084,0.6944926381111145,0.6937218308448792,0.6938180923461914,0
2026.07.03,16:00,0.6937699317932129,0.6941069960594177,0.6937218308448792,0.6940106749534607,0
2026.07.03,20:00,0.694155216217041,0.6943480372428894,0.6937218308448792,0.6942998170852661,0
2026.07.06,00:00,0.6938661932945251,0.694155216217041,0.6930487751960754,0.6931928396224976,0
2026.07.06,04:00,0.6931928396224976,0.6936737298965454,0.6924728155136108,0.6929526925086975,0
2026.07.06,08:00,0.6929046511650085,0.694058895111084,0.6929046511650085,0.6936737298965454,0
2026.07.06,12:00,0.6936255693435669,0.6939143538475037,0.6926646828651428,0.6939143538475037,0
2026.07.06,16:00,0.6941069960594177,0.696136474609375,0.6939625144004822,0.696136474609375,0
2026.07.06,20:00,0.6959426403045654,0.6960395574569702,0.6952168941497803,0.6959910988807678,0
2026.07.07,00:00,0.6960395574569702,0.696233332157135,0.6949270367622375,0.695313572883606,0
2026.07.07,04:00,0.6952652335166931,0.6955553889274597,0.6937699317932129,0.6945891380310059,0
2026.07.07,08:00,0.6946374177932739,0.6948787569999695,0.6941069960594177,0.6947821974754333,0
2026.07.07,12:00,0.6947821974754333,0.6956037878990173,0.6938661932945251,0.6943962574005127,0
2026.07.07,16:00,0.6942515969276428,0.6944926381111145,0.6935774683952332,0.6937699317932129,0
2026.07.07,20:00,0.6934812664985657,0.6935293674468994,0.6923769116401672,0.6929046511650085,0
2026.07.08,00:00,0.6929526925086975,0.6945409178733826,0.6923289895057678,0.694155216217041,0
2026.07.08,04:00,0.6942515969276428,0.6948787569999695,0.6938180923461914,0.6939143538475037,0
2026.07.08,08:00,0.6939143538475037,0.6944926381111145,0.6909417510032654,0.6926167011260986,0
2026.07.08,12:00,0.6924248337745667,0.693385124206543,0.6910372376441956,0.6919936537742615,0
2026.07.08,16:00,0.6919936537742615,0.694058895111084,0.6909895539283752,0.6939143538475037,0
2026.07.08,20:00,0.694058895111084,0.6942033767700195,0.6927126049995422,0.6932408809661865,0
2026.07.09,00:00,0.6932408809661865,0.6942033767700195,0.6929046511650085,0.6933370232582092,0
2026.07.09,04:00,0.6932889819145203,0.6947821974754333,0.6930007338523865,0.694155216217041,0
2026.07.09,08:00,0.6942998170852661,0.6942998170852661,0.6932408809661865,0.693385124206543,0
2026.07.09,12:00,0.6934331655502319,0.6946856379508972,0.6932889819145203,0.6941069960594177,0
2026.07.09,16:00,0.694058895111084,0.6948787569999695,0.694058895111084,0.6945409178733826,0
2026.07.09,20:00,0.6945891380310059,0.6946374177932739,0.6940106749534607,0.6943480372428894,0
2026.07.10,00:00,0.6943962574005127,0.6971555948257446,0.6936737298965454,0.697009801864624,0
2026.07.10,04:00,0.6969612240791321,0.6971070170402527,0.6948787569999695,0.6953619718551636,0
2026.07.10,08:00,0.6951685547828674,0.695458710193634,0.6943962574005127,0.6952168941497803,0
2026.07.10,12:00,0.6951685547828674,0.6956037878990173,0.6944926381111145,0.6948304176330566,0
2026.07.10,16:00,0.6947821974754333,0.6967184543609619,0.6947821974754333,0.6955069899559021,0
2026.07.10,20:00,0.695458710193634,0.695652186870575,0.6952652335166931,0.6955069899559021,0
2026.07.13,00:00,0.6939625144004822,0.6945891380310059,0.6932408809661865,0.6934812664985657,0
2026.07.13,04:00,0.693385124206543,0.6939625144004822,0.6927126049995422,0.6930487751960754,0
2026.07.13,08:00,0.6931447982788086,0.6949270367622375,0.6931447982788086,0.6947821974754333,0
2026.07.13,12:00,0.6947821974754333,0.6952168941497803,0.6933370232582092,0.6936255693435669,0
2026.07.13,16:00,0.6938180923461914,0.694058895111084,0.6920893788337708,0.6923769116401672,0
2026.07.13,20:00,0.6923769116401672,0.6924248337745667,0.691658616065979,0.6919457912445068,0
2026.07.14,00:00,0.6919457912445068,0.6930007338523865,0.6917064189910889,0.6926646828651428,0
2026.07.14,04:00,0.6927126049995422,0.6941069960594177,0.6924728155136108,0.6931928396224976,0
2026.07.14,08:00,0.6930487751960754,0.6956037878990173,0.6930487751960754,0.6942998170852661,0
2026.07.14,12:00,0.6942515969276428,0.6991540193557739,0.6941069960594177,0.6989585757255554,0
2026.07.14,16:00,0.6988120079040527,0.6994474530220032,0.6972528100013733,0.6976906061172485,0
2026.07.14,20:00,0.6976906061172485,0.6980315446853638,0.6972042322158813,0.6975446939468384,0
2026.07.15,00:00,0.6974959969520569,0.6993985176086426,0.6974959969520569,0.6993985176086426,0
2026.07.15,04:00,0.6994474530220032,0.6994963884353638,0.6984703540802002,0.6988120079040527,0
2026.07.15,08:00,0.6988608837127686,0.6993007063865662,0.69808030128479,0.6984703540802002,0
2026.07.15,12:00,0.6987143754959106,0.7001820206642151,0.6985679268836975,0.7001330256462097,0
2026.07.15,16:00,0.7001330256462097,0.7022964954376221,0.6992518305778503,0.7011638879776001,0
2026.07.15,20:00,0.7011147737503052,0.7015082240104675,0.7005254030227661,0.7008199691772461,0
2026.07.16,00:00,0.700869083404541,0.701311469078064,0.6989585757255554,0.6997900605201721,0
2026.07.16,04:00,0.6997410655021667,0.7005254030227661,0.6996921300888062,0.7001820206642151,0
2026.07.16,08:00,0.7001330256462097,0.7007708549499512,0.6996921300888062,0.7006235718727112,0
2026.07.16,12:00,0.7005254030227661,0.7014589905738831,0.6998880505561829,0.700721800327301,0
2026.07.16,16:00,0.7006726861000061,0.7007708549499512,0.6993007063865662,0.6997900605201721,0
2026.07.16,20:00,0.6998880505561829,0.7002801299095154,0.6994474530220032,0.6998390555381775,0
2026.07.17,00:00,0.6998880505561829,0.7002801299095154,0.69808030128479,0.6981777548789978,0
2026.07.17,04:00,0.6982752084732056,0.6992518305778503,0.697934091091156,0.6988608837127686,0
2026.07.17,08:00,0.6990073919296265,0.6992028951644897,0.6971070170402527,0.6972528100013733,0
2026.07.17,12:00,0.6972042322158813,0.6984703540802002,0.6969612240791321,0.6983240246772766,0
2026.07.17,16:00,0.6982265114784241,0.6989096999168396,0.6981777548789978,0.6985191702842712,0
2026.07.17,20:00,0.6984215378761292,0.6987631916999817,0.6982265114784241,0.6984703540802002,0
2026.07.20,00:00,0.6977880001068115,0.6996921300888062,0.6976906061172485,0.6995453238487244,0
2026.07.20,04:00,0.6994963884353638,0.7001330256462097,0.6988608837127686,0.6993007063865662,0
2026.07.20,08:00,0.6992028951644897,0.7010164856910706,0.6992028951644897,0.7009673714637756,0
2026.07.20,12:00,0.7009673714637756,0.7016066908836365,0.7002801299095154,0.7002801299095154,0
2026.07.20,16:00,0.7001330256462097,0.7009673714637756,0.7001330256462097,0.7003781795501709,0
2026.07.20,20:00,0.7005254030227661,0.7005254030227661,0.699594259262085,0.6996921300888062,0
2026.07.21,00:00,0.6997410655021667,0.7011638879776001,0.6997410655021667,0.7009673714637756,0
2026.07.21,04:00,0.7010164856910706,0.702049970626831,0.7006235718727112,0.702049970626831,0
2026.07.21,08:00,0.7020993232727051,0.7028888463973999,0.7019514441490173,0.7021978497505188,0
2026.07.21,12:00,0.7021978497505188,0.7021978497505188,0.7005744576454163,0.7006726861000061,0
2026.07.21,16:00,0.7006726861000061,0.7014589905738831,0.7005254030227661,0.700721800327301,0
2026.07.21,20:00,0.7008199691772461,0.7008199691772461,0.6999860405921936,0.7000349760055542,0
2026.07.22,00:00,0.6999860405921936,0.7014589905738831,0.6999860405921936,0.7006235718727112,0
2026.07.22,04:00,0.7006726861000061,0.7008199691772461,0.6992518305778503,0.6997900605201721,0
2026.07.22,08:00,0.6997900605201721,0.7006726861000061,0.6993985176086426,0.699594259262085,0
2026.07.22,12:00,0.6994963884353638,0.7001330256462097,0.6987631916999817,0.6998880505561829,0
2026.07.22,16:00,0.6998390555381775,0.7002801299095154,0.699349582195282,0.6997410655021667,0
2026.07.22,20:00,0.6997410655021667,0.7000349760055542,0.6989585757255554,0.6990562677383423,0
2026.07.23,00:00,0.6991540193557739,0.7021978497505188,0.6991051435470581,0.7018528580665588,0
2026.07.23,04:00,0.7018528580665588,0.7023458480834961,0.7009673714637756,0.7009673714637756,0
2026.07.23,08:00,0.700721800327301,0.7011147737503052,0.6998390555381775,0.7000839710235596,0
2026.07.23,12:00,0.6999860405921936,0.7000839710235596,0.6971070170402527,0.6974959969520569,0
2026.07.23,16:00,0.6974959969520569,0.6980315446853638,0.6967184543609619,0.6967184543609619,0
2026.07.23,20:00,0.6969612240791321,0.6973500847816467,0.6964758634567261,0.6971070170402527,0
2026.07.24,00:00,0.6971070170402527,0.6982265114784241,0.696864128112793,0.6977880001068115,0
2026.07.24,04:00,0.6975932717323303,0.6984215378761292,0.6973987221717834,0.6984215378761292,0
2026.07.24,08:00,0.6986167430877686,0.6997410655021667,0.6985191702842712,0.6993985176086426,0
2026.07.24,12:00,0.6994474530220032,0.699594259262085,0.6975446939468384,0.6990073919296265,0
2026.07.24,16:00,0.6989585757255554,0.7001820206642151,0.6984215378761292,0.6984703540802002,0
2026.07.24,20:00,0.6985679268836975,0.6985679268836975,0.6981289982795715,0.6983240246772766,0
2026.07.27,00:00,0.6993985176086426,0.7006726861000061,0.699349582195282,0.7001820206642151,0
2026.07.27,04:00,0.7001330256462097,0.7013606429100037,0.6996921300888062,0.7009673714637756,0
2026.07.27,08:00,0.7009181976318359,0.7011147737503052,0.7002310752868652,0.700427234172821,0
2026.07.27,12:00,0.7004762887954712,0.7006235718727112,0.6988608837127686,0.6994474530220032,0
2026.07.27,16:00,0.6994963884353638,0.7000839710235596,0.6989096999168396,0.6990562677383423,0
2026.07.27,20:00,0.6991051435470581,0.699594259262085,0.6990073919296265,0.6990073919296265,0
2026.07.28,00:00,0.6989585757255554,0.6998390555381775,0.6984215378761292,0.6996431946754456,0
2026.07.28,04:00,0.699594259262085,0.6996431946754456,0.6965728402137756,0.6974473595619202,0
2026.07.28,08:00,0.69730144739151,0.697836697101593,0.6965728402137756,0.6967670321464539,0
2026.07.28,12:00,0.696815550327301,0.6976419687271118,0.6965728402137756,0.6969612240791321,0
2026.07.28,16:00,0.6971070170402527,0.6988608837127686,0.696815550327301,0.69773930311203,0
2026.07.28,20:00,0.6977880001068115,0.6983240246772766,0.69730144739151,0.6975446939468384,0
2026.07.29,00:00,0.6974959969520569,0.6978854537010193,0.6947821974754333,0.6951202750205994,0
2026.07.29,04:00,0.6951202750205994,0.6960395574569702,0.6945891380310059,0.695458710193634,0
2026.07.29,08:00,0.695652186870575,0.695894181728363,0.6942033767700195,0.6942998170852661,0
2026.07.29,12:00,0.6943962574005127,0.6953619718551636,0.6926646828651428,0.6926646828651428,0
2026.07.29,16:00,0.6927606463432312,0.6984703540802002,0.692520797252655,0.6984703540802002,0
2026.07.29,20:00,0.6984703540802002,0.6989585757255554,0.6948304176330566,0.6960395574569702,0
2026.07.30,00:00,0.6962818503379822,0.696815550327301,0.6954103112220764,0.6957489848136902,0
2026.07.30,04:00,0.6958457827568054,0.6959426403045654,0.6949270367622375,0.6955553889274597,0
2026.07.30,08:00,0.6957973837852478,0.6983240246772766,0.695313572883606,0.697934091091156,0
2026.07.30,12:00,0.6980315446853638,0.7026419043540955,0.6976906061172485,0.700721800327301,0
2026.07.30,16:00,0.7007708549499512,0.7034327387809753,0.7007708549499512,0.7031360268592834,0
2026.07.30,20:00,0.703234851360321,0.7035317420959473,0.7021978497505188,0.7031360268592834,0
2026.07.31,00:00,0.703234851360321,0.7034822702407837,0.7022964954376221,0.7026913166046143,0
2026.07.31,04:00,0.7026419043540955,0.7039774656295776,0.7023458480834961,0.7035812139511108,0
2026.07.31,08:00,0.7034327387809753,0.7046719789505005,0.7028394937515259,0.7032843232154846,0
2026.07.31,12:00,0.703234851360321,0.7034327387809753,0.6994474530220032,0.7025431990623474,0
2026.07.31,16:00,0.7024939060211182,0.7040765881538391,0.7020007371902466,0.7039278745651245,0
2026.07.31,20:00,0.704026997089386,0.7044237852096558,0.7023952007293701,0.7025431990623474,0
2026.08.03,00:00,0.7048706412315369,0.7050694227218628,0.7030865550041199,0.7033337950706482,0
2026.08.03,04:00,0.7032843232154846,0.7039774656295776,0.7029382586479187,0.7029382586479187,0
2026.08.03,08:00,0.7030371427536011,0.7030371427536011,0.7000839710235596,0.7002801299095154,0
2026.08.03,12:00,0.700427234172821,0.7011147737503052,0.6987143754959106,0.7001330256462097,0
2026.08.03,16:00,0.7000839710235596,0.7002801299095154,0.6994474530220032,0.7001820206642151,0
2026.08.03,20:00,0.7002801299095154,0.700427234172821,0.6999860405921936,0.7001820206642151,0
2026.08.04,00:00,0.7001330256462097,0.7020007371902466,0.6999370455741882,0.7017543911933899,0
2026.08.04,04:00,0.7020007371902466,0.7024939060211182,0.7014589905738831,0.7017051577568054,0
2026.08.04,08:00,0.7019021511077881,0.7037297487258911,0.7019021511077881,0.7033832669258118,0
2026.08.04,12:00,0.703234851360321,0.7043741345405579,0.7031854391098022,0.7041261792182922,0
2026.08.04,16:00,0.7040765881538391,0.7048706412315369,0.7033832669258118,0.704820990562439,0
2026.08.04,20:00,0.704820990562439,0.7051191329956055,0.7044237852096558,0.7050694227218628,0
2026.08.05,00:00,0.7051191329956055,0.705566942691803,0.7042749524116516,0.7049700617790222,0
2026.08.05,04:00,0.7050197124481201,0.7057660818099976,0.7046223282814026,0.7051689028739929,0
2026.08.05,08:00,0.7052186131477356,0.7052186131477356,0.7043245434761047,0.7044734358787537,0
2026.08.05,12:00,0.7046223282814026,0.7066638469696045,0.7046223282814026,0.7060152888298035,0
2026.08.05,16:00,0.7060650587081909,0.7065140604972839,0.7052186131477356,0.7063144445419312,0
2026.08.05,20:00,0.7063643336296082,0.7063643336296082,0.7056167125701904,0.7059653997421265,0
2026.08.06,00:00,0.7060152888298035,0.7062146663665771,0.7057162523269653,0.705865740776062,0
2026.08.06,04:00,0.7058159112930298,0.7058159112930298,0.7041757702827454,0.7044237852096558,0
2026.08.06,08:00,0.7044734358787537,0.7046719789505005,0.7039278745651245,0.7044734358787537,0
2026.08.06,12:00,0.7044734358787537,0.7046719789505005,0.7035812139511108,0.7044237852096558,0
2026.08.06,16:00,0.7042749524116516,0.7043741345405579,0.7026913166046143,0.7035812139511108,0
2026.08.06,20:00,0.7036802172660828,0.7037792801856995,0.7030371427536011,0.703234851360321,0
2026.08.07,00:00,0.7032843232154846,0.7036307454109192,0.7025431990623474,0.7025925517082214,0
2026.08.07,04:00,0.7026913166046143,0.7036307454109192,0.7025925517082214,0.7035317420959473,0
2026.08.07,08:00,0.7035317420959473,0.7043741345405579,0.7035317420959473,0.7038784027099609,0
2026.08.07,12:00,0.7040765881538391,0.7079144716262817,0.7038288712501526,0.7062146663665771,0
2026.08.07,16:00,0.7062146663665771,0.7071635127067566,0.7059155702590942,0.7070635557174683,0
2026.08.07,20:00,0.707313597202301,0.7077140808105469,0.7066638469696045,0.7070635557174683,0
2026.08.10,00:00,0.706763744354248,0.7072135806083679,0.7060650587081909,0.7063643336296082,0
2026.08.10,04:00,0.7063144445419312,0.7071635127067566,0.7059653997421265,0.7068636417388916,0
2026.08.10,08:00,0.706813633441925,0.7076640129089355,0.7065639495849609,0.7069635987281799,0
2026.08.10,12:00,0.7069635987281799,0.7070136070251465,0.7057162523269653,0.7065639495849609,0
2026.08.10,16:00,0.7064641118049622,0.7068636417388916,0.7057162523269653,0.7059155702590942,0
2026.08.10,20:00,0.7058159112930298,0.7060650587081909,0.705566942691803,0.705865740776062,0
2026.08.11,00:00,0.7059653997421265,0.7064641118049622,0.7053678035736084,0.7056167125701904,0
2026.08.11,04:00,0.7056665420532227,0.7063144445419312,0.7044237852096558,0.7054175734519958,0
2026.08.11,08:00,0.7054673433303833,0.7063643336296082,0.7049700617790222,0.7063643336296082,0
2026.08.11,12:00,0.7066138982772827,0.7071635127067566,0.7062146663665771,0.7066638469696045,0
2026.08.11,16:00,0.7066638469696045,0.7066638469696045,0.7057162523269653,0.7061149477958679,0
2026.08.11,20:00,0.7061647772789001,0.7066638469696045,0.7060650587081909,0.7066138982772827,0
2026.08.12,00:00,0.7066138982772827,0.7070635557174683,0.7057162523269653,0.7060152888298035,0
2026.08.12,04:00,0.7060650587081909,0.7062645554542542,0.7056665420532227,0.7061647772789001,0
2026.08.12,08:00,0.7063144445419312,0.7071135640144348,0.7059155702590942,0.706813633441925,0
2026.08.12,12:00,0.706813633441925,0.709270179271698,0.7066638469696045,0.7074137330055237,0
2026.08.12,16:00,0.707313597202301,0.7078643441200256,0.7063643336296082,0.7064142823219299,0
2026.08.12,20:00,0.7065140604972839,0.7066138982772827,0.7062146663665771,0.7065140604972839,0
2026.08.13,00:00,0.7065140604972839,0.7068636417388916,0.7053678035736084,0.7055171132087708,0
2026.08.13,04:00,0.7054673433303833,0.7055171132087708,0.7047216296195984,0.7051191329956055,0
2026.08.13,08:00,0.7051191329956055,0.7060152888298035,0.7048706412315369,0.7057162523269653,0
2026.08.13,12:00,0.7056665420532227,0.7069135904312134,0.7051191329956055,0.706763744354248,0
2026.08.13,16:00,0.706813633441925,0.706813633441925,0.7056665420532227,0.7059653997421265,0
2026.08.13,20:00,0.7060152888298035,0.7064641118049622,0.7057660818099976,0.7064641118049622,0
2026.08.14,00:00,0.7065639495849609,0.7068636417388916,0.705865740776062,0.705865740776062,0
2026.08.14,04:00,0.7058159112930298,0.7070635557174683,0.7058159112930298,0.7070635557174683,0
2026.08.14,08:00,0.7071135640144348,0.7079645991325378,0.7069635987281799,0.7078142762184143,0
2026.08.14,12:00,0.7078643441200256,0.7095217704772949,0.7078142762184143,0.7093707919120789,0
2026.08.14,16:00,0.7094714641571045,0.709723174571991,0.708165168762207,0.7084159851074219,0
2026.08.14,20:00,0.7085666060447693,0.7087172269821167,0.708365797996521,0.708666980266571,0
2026.08.17,00:00,0.7091192603111267,0.7100759744644165,0.7087674736976624,0.7094714641571045,0
2026.08.17,04:00,0.7094714641571045,0.7124537229537964,0.7094714641571045,0.7124537229537964,0
2026.08.17,08:00,0.7124537229537964,0.7131141424179077,0.711895763874054,0.7127075791358948,0
2026.08.17,12:00,0.7128092050552368,0.7131141424179077,0.7111363410949707,0.7113893628120422,0
2026.08.17,16:00,0.7114399671554565,0.7117437720298767,0.7103786468505859,0.7104290723800659,0
2026.08.17,20:00,0.7103786468505859,0.711085855960846,0.7103786468505859,0.7108330726623535,0
2026.08.18,00:00,0.710782527923584,0.7115411758422852,0.710782527923584,0.7113387584686279,0
2026.08.18,04:00,0.7112881541252136,0.7112881541252136,0.7098239660263062,0.7102272510528564,0
2026.08.18,08:00,0.7104290723800659,0.711186945438385,0.7102272510528564,0.7109341621398926,0
2026.08.18,12:00,0.7109341621398926,0.7121999859809875,0.7101263999938965,0.7101263999938965,0
2026.08.18,16:00,0.7101263999938965,0.7105300426483154,0.7085666060447693,0.7087172269821167,0
2026.08.18,20:00,0.708666980266571,0.7091192603111267,0.7085163593292236,0.7087172269821167,0
