2026.05.18,20:00,213.13600158691406,213.38900756835938,213.1179962158203,213.3719940185547,0
2026.05.19,00:00,213.35899353027344,213.4739990234375,213.1840057373047,213.25900268554688,0
2026.05.19,04:00,213.26600646972656,213.36099243164062,213.03599548339844,213.1490020751953,0
2026.05.19,08:00,213.14999389648438,213.41200256347656,212.98800659179688,213.2949981689453,0
2026.05.19,12:00,213.29100036621094,213.50900268554688,212.83700561523438,213.0290069580078,0
2026.05.19,16:00,213.02999877929688,213.2530059814453,212.62899780273438,213.0749969482422,0
2026.05.19,20:00,213.07000732421875,213.21299743652344,212.91900634765625,213.0780029296875,0
2026.05.20,00:00,213.08900451660156,213.13600158691406,212.74600219726562,212.8040008544922,0
2026.05.20,04:00,212.80499267578125,213.0030059814453,212.58399963378906,212.8090057373047,0
2026.05.20,08:00,212.81300354003906,213.0260009765625,212.7449951171875,212.99400329589844,0
2026.05.20,12:00,213.0,213.45799255371094,212.98199462890625,213.39999389648438,0
2026.05.20,16:00,213.4010009765625,213.61300659179688,213.26800537109375,213.51400756835938,0
2026.05.20,20:00,213.5189971923828,213.5850067138672,213.32699584960938,213.42799377441406,0
2026.05.21,00:00,213.42599487304688,213.56100463867188,213.2779998779297,213.4290008544922,0
2026.05.21,04:00,213.4290008544922,213.6999969482422,213.39599609375,213.68600463867188,0
2026.05.21,08:00,213.6820068359375,213.82400512695312,213.36599731445312,213.61599731445312,0
2026.05.21,12:00,213.61199951171875,213.76699829101562,213.3070068359375,213.4530029296875,0
2026.05.21,16:00,213.4530029296875,213.70399475097656,213.27699279785156,213.5800018310547,0
2026.05.21,20:00,213.57400512695312,213.63400268554688,213.25999450683594,213.53500366210938,0
2026.05.22,00:00,213.54400634765625,213.6320037841797,213.47300720214844,213.51199340820312,0
2026.05.22,04:00,213.51199340820312,213.6719970703125,213.4550018310547,213.56500244140625,0
2026.05.22,08:00,213.56700134277344,213.7310028076172,213.43699645996094,213.5749969482422,0
2026.05.22,12:00,213.57000732421875,214.0399932861328,213.48399353027344,213.71800231933594,0
2026.05.22,16:00,213.71600341796875,214.0279998779297,213.66000366210938,213.97999572753906,0
2026.05.22,20:00,213.98399353027344,213.98399353027344,213.67599487304688,213.79800415039062,0
2026.05.25,00:00,214.22000122070312,214.29600524902344,214.0540008544922,214.06700134277344,0
2026.05.25,04:00,214.06900024414062,214.32699584960938,214.0399932861328,214.29299926757812,0
2026.05.25,08:00,214.29299926757812,214.47900390625,214.22000122070312,214.42599487304688,0
2026.05.25,12:00,214.42599487304688,214.60499572753906,214.3769989013672,214.5469970703125,0
2026.05.25,16:00,214.55099487304688,214.62899780273438,214.49899291992188,214.6269989013672,0
2026.05.25,20:00,214.6199951171875,214.6790008544922,214.3719940185547,214.59800720214844,0
2026.05.26,00:00,214.59100341796875,214.625,214.32899475097656,214.36900329589844,0
2026.05.26,04:00,214.36099243164062,214.47300720214844,214.2550048828125,214.41799926757812,0
2026.05.26,08:00,214.4219970703125,214.66099548339844,214.31100463867188,214.59800720214844,0
2026.05.26,12:00,214.5919952392578,214.6739959716797,214.26400756835938,214.27699279785156,0
2026.05.26,16:00,214.28399658203125,214.3179931640625,214.06100463867188,214.21299743652344,0
2026.05.26,20:00,214.21499633789062,214.322998046875,214.01600646972656,214.218994140625,0
2026.05.27,00:00,214.2050018310547,214.3990020751953,214.15499877929688,214.1909942626953,0
2026.05.27,04:00,214.18899536132812,214.4040069580078,214.16400146484375,214.36500549316406,0
2026.05.27,08:00,214.35899353027344,214.447998046875,214.13800048828125,214.2169952392578,0
2026.05.27,12:00,214.21800231933594,214.51300048828125,213.9980010986328,214.03799438476562,0
2026.05.27,16:00,214.03700256347656,214.28700256347656,214.01600646972656,214.20799255371094,0
2026.05.27,20:00,214.20199584960938,214.33399963378906,213.85899353027344,214.1750030517578,0
2026.05.28,00:00,214.1719970703125,214.19900512695312,213.802001953125,213.8260040283203,0
2026.05.28,04:00,213.8260040283203,213.84300231933594,213.3070068359375,213.7779998779297,0
2026.05.28,08:00,213.77099609375,213.8800048828125,213.41299438476562,213.5070037841797,0
2026.05.28,12:00,213.5050048828125,214.1230010986328,213.4980010986328,213.8780059814453,0
2026.05.28,16:00,213.8780059814453,214.12100219726562,213.86599731445312,214.0449981689453,0
2026.05.28,20:00,214.04100036621094,214.11900329589844,213.87899780273438,214.07200622558594,0
2026.05.29,00:00,214.06399536132812,214.21200561523438,214.0279998779297,214.08399963378906,0
2026.05.29,04:00,214.0850067138672,214.16200256347656,213.9550018310547,214.00599670410156,0
2026.05.29,08:00,214.00599670410156,214.02999877929688,213.57699584960938,213.7220001220703,0
2026.05.29,12:00,213.72500610351562,214.5919952392578,213.66099548339844,214.54200744628906,0
2026.05.29,16:00,214.54400634765625,214.63099670410156,214.28900146484375,214.36900329589844,0
2026.05.29,20:00,214.3699951171875,214.53500366210938,214.1479949951172,214.23500061035156,0
2026.06.01,00:00,214.34300231933594,214.6060028076172,214.2989959716797,214.56199645996094,0
2026.06.01,04:00,214.56300354003906,214.87600708007812,214.4770050048828,214.77699279785156,0
2026.06.01,08:00,214.7790069580078,214.85499572753906,214.56900024414062,214.66700744628906,0
2026.06.01,12:00,214.66299438476562,214.79600524902344,214.16099548339844,214.61399841308594,0
2026.06.01,16:00,214.61599731445312,215.00100708007812,214.47900390625,214.98800659179688,0
2026.06.01,20:00,214.98500061035156,215.00599670410156,214.64100646972656,214.8459930419922,0
2026.06.02,00:00,214.85699462890625,214.95899963378906,214.78399658203125,214.8679962158203,0
2026.06.02,04:00,214.86700439453125,215.31700134277344,214.86000061035156,215.25100708007812,0
2026.06.02,08:00,215.2429962158203,215.27200317382812,215.00599670410156,215.11199951171875,0
2026.06.02,12:00,215.11900329589844,215.43600463867188,215.0659942626953,215.36599731445312,0
2026.06.02,16:00,215.36700439453125,215.52699279785156,215.21400451660156,215.36599731445312,0
2026.06.02,20:00,215.37399291992188,215.43899536132812,215.14599609375,215.33399963378906,0
2026.06.03,00:00,215.30999755859375,215.3769989013672,215.177001953125,215.22799682617188,0
2026.06.03,04:00,215.22799682617188,215.28500366210938,214.91099548339844,215.16200256347656,0
2026.06.03,08:00,215.16900634765625,215.18699645996094,214.39599609375,214.91099548339844,0
2026.06.03,12:00,214.9149932861328,215.0290069580078,214.6439971923828,214.91299438476562,0
2026.06.03,16:00,214.91299438476562,215.00999450683594,214.64700317382812,214.69900512695312,0
2026.06.03,20:00,214.69700622558594,214.85899353027344,214.56900024414062,214.66700744628906,0
2026.06.04,00:00,214.6479949951172,214.79600524902344,214.60800170898438,214.6739959716797,0
2026.06.04,04:00,214.677001953125,214.76600646972656,214.3070068359375,214.70899963378906,0
2026.06.04,08:00,214.71200561523438,214.93499755859375,214.45199584960938,214.91900634765625,0
2026.06.04,12:00,214.91900634765625,215.15699768066406,214.89999389648438,215.0749969482422,0
2026.06.04,16:00,215.0749969482422,215.1020050048828,214.78599548339844,214.8280029296875,0
2026.06.04,20:00,214.8249969482422,214.9720001220703,214.6219940185547,214.7760009765625,0
2026.06.05,00:00,214.77000427246094,214.7989959716797,214.58099365234375,214.7550048828125,0
2026.06.05,04:00,214.7429962158203,214.90499877929688,214.7239990234375,214.875,0
2026.06.05,08:00,214.87600708007812,215.60800170898438,214.85400390625,215.45899963378906,0
2026.06.05,12:00,215.4600067138672,215.47799682617188,214.1999969482422,214.53599548339844,0
2026.06.05,16:00,214.53599548339844,214.54299926757812,213.51800537109375,213.5970001220703,0
2026.06.05,20:00,213.5989990234375,213.875,213.51699829101562,213.87399291992188,0
2026.06.08,00:00,213.61500549316406,214.04400634765625,213.5500030517578,213.92599487304688,0
2026.06.08,04:00,213.92599487304688,213.97799682617188,213.47999572753906,213.50599670410156,0
2026.06.08,08:00,213.50599670410156,213.84800720214844,212.9219970703125,213.46099853515625,0
2026.06.08,12:00,213.4600067138672,213.8209991455078,213.43099975585938,213.58399963378906,0
2026.06.08,16:00,213.58799743652344,213.84500122070312,213.53700256347656,213.76199340820312,0
2026.06.08,20:00,213.7550048828125,213.8070068359375,213.4759979248047,213.6820068359375,0
2026.06.09,00:00,213.6739959716797,213.89700317382812,213.48800659179688,213.8679962158203,0
2026.06.09,04:00,213.86500549316406,214.11599731445312,213.82400512695312,214.03199768066406,0
2026.06.09,08:00,214.0290069580078,214.57699584960938,213.9720001220703,214.54200744628906,0
2026.06.09,12:00,214.54400634765625,214.78599548339844,214.49000549316406,214.6820068359375,0
2026.06.09,16:00,214.68099975585938,214.7899932861328,214.31500244140625,214.6820068359375,0
2026.06.09,20:00,214.6750030517578,214.69400024414062,214.26300048828125,214.4759979248047,0
2026.06.10,00:00,214.4709930419922,214.58999633789062,214.36900329589844,214.5500030517578,0
2026.06.10,04:00,214.5500030517578,214.83399963378906,214.54299926757812,214.63900756835938,0
2026.06.10,08:00,214.63900756835938,215.01199340820312,214.58700561523438,214.86199951171875,0
2026.06.10,12:00,214.87100219726562,215.23300170898438,214.68699645996094,215.06700134277344,0
2026.06.10,16:00,215.072998046875,215.1230010986328,214.63999938964844,214.72900390625,0
2026.06.10,20:00,214.7259979248047,214.7469940185547,214.36300659179688,214.4219970703125,0
2026.06.11,00:00,214.41200256347656,214.86399841308594,214.30499267578125,214.74600219726562,0
2026.06.11,04:00,214.7530059814453,214.86199951171875,214.70399475097656,214.7830047607422,0
2026.06.11,08:00,214.77699279785156,214.93800354003906,214.36199951171875,214.45399475097656,0
2026.06.11,12:00,214.45399475097656,214.59300231933594,213.8780059814453,213.91000366210938,0
2026.06.11,16:00,213.91400146484375,214.61399841308594,213.86399841308594,214.46299743652344,0
2026.06.11,20:00,214.46200561523438,214.80799865722656,214.25900268554688,214.79400634765625,0
2026.06.12,00:00,214.78799438476562,214.92599487304688,214.6060028076172,214.89100646972656,0
2026.06.12,04:00,214.88699340820312,215.00399780273438,214.71299743652344,214.9149932861328,0
2026.06.12,08:00,214.92300415039062,214.9459991455078,214.62399291992188,214.69000244140625,0
2026.06.12,12:00,214.69000244140625,214.98199462890625,214.55799865722656,214.93899536132812,0
2026.06.12,16:00,214.93800354003906,215.01800537109375,214.8159942626953,214.96600341796875,0
2026.06.12,20:00,214.95899963378906,214.98599243164062,214.59100341796875,214.83700561523438,0
2026.06.15,00:00,215.13800048828125,215.35899353027344,215.0229949951172,215.21600341796875,0
2026.06.15,04:00,215.20899963378906,215.3699951171875,215.1490020751953,215.23699951171875,0
2026.06.15,08:00,215.24200439453125,215.27999877929688,214.88099670410156,214.96499633789062,0
2026.06.15,12:00,214.95599365234375,215.2480010986328,214.9029998779297,215.2209930419922,0
2026.06.15,16:00,215.218994140625,215.2429962158203,215.02000427246094,215.11199951171875,0
2026.06.15,20:00,215.1179962158203,215.1580047607422,214.89100646972656,215.0,0
2026.06.16,00:00,215.01100158691406,215.03500366210938,214.58900451660156,214.6439971923828,0
2026.06.16,04:00,214.6439971923828,214.7949981689453,214.5,214.76600646972656,0
2026.06.16,08:00,214.76800537109375,215.28799438476562,214.7259979248047,215.27699279785156,0
2026.06.16,12:00,215.2740020751953,215.38400268554688,214.96200561523438,215.3719940185547,0
2026.06.16,16:00,215.37100219726562,215.5570068359375,215.30499267578125,215.4320068359375,0
2026.06.16,20:00,215.4320068359375,215.48800659179688,215.1820068359375,215.38499450683594,0
2026.06.17,00:00,215.36000061035156,215.42999267578125,215.24600219726562,215.2469940185547,0
2026.06.17,04:00,215.2550048828125,215.37100219726562,214.9029998779297,214.97000122070312,0
2026.06.17,08:00,214.96099853515625,215.0659942626953,214.76600646972656,214.9029998779297,0
2026.06.17,12:00,214.90499877929688,215.0399932861328,214.58799743652344,214.7270050048828,0
2026.06.17,16:00,214.71499633789062,214.74200439453125,213.9810028076172,214.0449981689453,0
2026.06.17,20:00,214.03900146484375,214.0590057373047,213.14700317382812,213.5399932861328,0
2026.06.18,00:00,213.52999877929688,213.9770050048828,213.5070037841797,213.76400756835938,0
2026.06.18,04:00,213.75900268554688,214.05599975585938,213.53399658203125,213.8350067138672,0
2026.06.18,08:00,213.84300231933594,213.88400268554688,212.5500030517578,212.86399841308594,0
2026.06.18,12:00,212.82699584960938,213.1750030517578,212.49099731445312,213.16099548339844,0
2026.06.18,16:00,213.16299438476562,213.51199340820312,212.97300720214844,213.4669952392578,0
2026.06.18,20:00,213.45399475097656,213.5679931640625,212.3459930419922,212.93099975585938,0
2026.06.19,00:00,212.95199584960938,213.03500366210938,212.65199279785156,212.8350067138672,0
2026.06.19,04:00,212.8350067138672,212.99000549316406,212.45399475097656,212.8560028076172,0
2026.06.19,08:00,212.84800720214844,213.50399780273438,212.79600524902344,213.447998046875,0
2026.06.19,12:00,213.44000244140625,213.52499389648438,213.11500549316406,213.2209930419922,0
2026.06.19,16:00,213.2100067138672,213.5500030517578,213.14599609375,213.39199829101562,0
2026.06.19,20:00,213.3979949951172,213.531005859375,213.19500732421875,213.45799255371094,0
2026.06.22,00:00,213.22999572753906,213.6929931640625,213.14999389648438,213.6230010986328,0
2026.06.22,04:00,213.62399291992188,213.71099853515625,213.4199981689453,213.57899475097656,0
2026.06.22,08:00,213.5760040283203,214.22300720214844,213.24400329589844,214.07000732421875,0
2026.06.22,12:00,214.0709991455078,214.67100524902344,213.56700134277344,213.9530029296875,0
2026.06.22,16:00,213.9499969482422,214.08799743652344,213.69200134277344,213.76699829101562,0
2026.06.22,20:00,213.76699829101562,214.17300415039062,213.76499938964844,214.0500030517578,0
2026.06.23,00:00,214.05099487304688,214.093994140625,213.88699340820312,213.9530029296875,0
2026.06.23,04:00,213.9530029296875,214.20799255371094,213.8489990234375,213.9219970703125,0
2026.06.23,08:00,213.92100524902344,214.02200317382812,213.23699951171875,213.4290008544922,0
2026.06.23,12:00,213.42799377441406,213.5679931640625,213.15899658203125,213.2480010986328,0
2026.06.23,16:00,213.24400329589844,213.2790069580078,212.97300720214844,213.0780029296875,0
2026.06.23,20:00,213.08200073242188,213.33700561523438,213.02499389648438,213.25599670410156,0
2026.06.24,00:00,213.26800537109375,213.35899353027344,213.08299255371094,213.0850067138672,0
2026.06.24,04:00,213.08399963378906,213.49899291992188,213.04200744628906,213.23300170898438,0
2026.06.24,08:00,213.23899841308594,213.4409942626953,212.69900512695312,212.7100067138672,0
2026.06.24,12:00,212.70399475097656,212.93499755859375,212.5330047607422,212.70199584960938,0
2026.06.24,16:00,212.69900512695312,213.0970001220703,212.69400024414062,212.9010009765625,0
2026.06.24,20:00,212.9029998779297,213.1999969482422,212.68800354003906,212.94900512695312,0
2026.06.25,00:00,212.94900512695312,213.13900756835938,212.80099487304688,213.09300231933594,0
2026.06.25,04:00,213.0970001220703,213.27699279785156,213.08799743652344,213.24600219726562,0
2026.06.25,08:00,213.2480010986328,213.54100036621094,213.0800018310547,213.16600036621094,0
2026.06.25,12:00,213.16600036621094,213.63099670410156,212.7899932861328,213.42799377441406,0
2026.06.25,16:00,213.43299865722656,213.7239990234375,213.41799926757812,213.5279998779297,0
2026.06.25,20:00,213.5240020751953,213.62600708007812,213.30999755859375,213.42100524902344,0
2026.06.26,00:00,213.42300415039062,213.5970001220703,213.22000122070312,213.26600646972656,0
2026.06.26,04:00,213.27200317382812,213.5,213.2030029296875,213.41000366210938,0
2026.06.26,08:00,213.41200256347656,213.71499633789062,213.2779998779297,213.68299865722656,0
2026.06.26,12:00,213.6840057373047,213.81100463867188,213.42300415039062,213.43499755859375,0
2026.06.26,16:00,213.43499755859375,213.76800537109375,213.4290008544922,213.48399353027344,0
2026.06.26,20:00,213.48599243164062,213.572998046875,213.2899932861328,213.50399780273438,0
2026.06.29,00:00,213.468994140625,213.67799377441406,213.39500427246094,213.593994140625,0
2026.06.29,04:00,213.593994140625,214.00900268554688,213.5070037841797,213.968994140625,0
2026.06.29,08:00,213.96800231933594,214.0659942626953,213.67599487304688,214.01400756835938,0
2026.06.29,12:00,214.00999450683594,214.50100708007812,214.0070037841797,214.46800231933594,0
2026.06.29,16:00,214.46800231933594,214.7570037841797,214.42799377441406,214.72999572753906,0
2026.06.29,20:00,214.73800659179688,214.7689971923828,214.4010009765625,214.70599365234375,0
2026.06.30,00:00,214.7050018310547,215.0330047607422,214.50399780273438,214.62600708007812,0
2026.06.30,04:00,214.625,214.91600036621094,214.4429931640625,214.77699279785156,0
2026.06.30,08:00,214.77699279785156,214.91200256347656,214.63400268554688,214.82899475097656,0
2026.06.30,12:00,214.82899475097656,215.7530059814453,214.10299682617188,215.69700622558594,0
2026.06.30,16:00,215.6959991455078,215.7729949951172,215.44500732421875,215.53700256347656,0
2026.06.30,20:00,215.53700256347656,215.67999267578125,215.36900329589844,215.55799865722656,0
2026.07.01,00:00,215.5679931640625,215.58299255371094,215.2550048828125,215.41099548339844,0
2026.07.01,04:00,215.41900634765625,215.54100036621094,215.19900512695312,215.42300415039062,0
2026.07.01,08:00,215.43099975585938,215.6580047607422,215.19200134277344,215.59300231933594,0
2026.07.01,12:00,215.5919952392578,215.77000427246094,215.10299682617188,215.62100219726562,0
2026.07.01,16:00,215.61700439453125,215.86099243164062,215.48899841308594,215.79200744628906,0
2026.07.01,20:00,215.79600524902344,215.9429931640625,215.56100463867188,215.8350067138672,0
2026.07.02,00:00,215.83999633789062,216.0679931640625,215.76800537109375,215.9149932861328,0
2026.07.02,04:00,215.9149932861328,215.9530029296875,214.53900146484375,215.30099487304688,0
2026.07.02,08:00,215.29800415039062,215.46299743652344,214.89599609375,215.1320037841797,0
2026.07.02,12:00,215.1320037841797,215.40699768066406,214.6179962158203,215.3990020751953,0
2026.07.02,16:00,215.39999389648438,215.41299438476562,214.85699462890625,214.9669952392578,0
2026.07.02,20:00,214.96600341796875,215.21200561523438,214.7729949951172,215.18499755859375,0
2026.07.03,00:00,215.17999267578125,215.4510040283203,215.0260009765625,215.3419952392578,0
2026.07.03,04:00,215.33900451660156,215.44900512695312,214.64100646972656,215.0469970703125,0
2026.07.03,08:00,215.04600524902344,215.23599243164062,214.8350067138672,215.1479949951172,0
2026.07.03,12:00,215.1439971923828,215.43099975585938,215.13400268554688,215.4219970703125,0
2026.07.03,16:00,215.4219970703125,215.52000427246094,215.3300018310547,215.49099731445312,0
2026.07.03,20:00,215.49200439453125,215.51600646972656,215.28700256347656,215.4459991455078,0
2026.07.06,00:00,215.45899963378906,215.90699768066406,215.45399475097656,215.8939971923828,0
2026.07.06,04:00,215.89500427246094,216.38600158691406,215.83900451660156,216.33399963378906,0
2026.07.06,08:00,216.33399963378906,216.6269989013672,216.2519989013672,216.52000427246094,0
2026.07.06,12:00,216.52200317382812,216.88400268554688,216.44500732421875,216.8280029296875,0
2026.07.06,16:00,216.8260040283203,217.1529998779297,216.73199462890625,217.03700256347656,0
2026.07.06,20:00,217.03799438476562,217.177001953125,216.85899353027344,217.1060028076172,0
2026.07.07,00:00,217.10699462890625,217.20899963378906,216.64199829101562,216.8179931640625,0
2026.07.07,04:00,216.81700134277344,216.86000061035156,216.51699829101562,216.7899932861328,0
2026.07.07,08:00,216.79200744628906,216.83299255371094,216.36500549316406,216.73800659179688,0
2026.07.07,12:00,216.7480010986328,216.81900024414062,216.41900634765625,216.61700439453125,0
2026.07.07,16:00,216.62100219726562,216.64999389648438,216.3730010986328,216.3939971923828,0
2026.07.07,20:00,216.39300537109375,216.63800048828125,216.2550048828125,216.5449981689453,0
2026.07.08,00:00,216.54299926757812,216.86599731445312,216.53799438476562,216.76499938964844,0
2026.07.08,04:00,216.77499389648438,216.8719940185547,216.6060028076172,216.78700256347656,0
2026.07.08,08:00,216.78900146484375,216.96600341796875,216.4810028076172,216.83200073242188,0
2026.07.08,12:00,216.83399963378906,217.447998046875,216.64700317382812,217.43899536132812,0
2026.07.08,16:00,217.44200134277344,217.82899475097656,217.25599670410156,217.70399475097656,0
2026.07.08,20:00,217.7010040283203,217.8070068359375,217.46499633789062,217.67999267578125,0
2026.07.09,00:00,217.67999267578125,217.7209930419922,217.55599975585938,217.61399841308594,0
2026.07.09,04:00,217.60800170898438,217.9320068359375,217.53500366210938,217.8800048828125,0
2026.07.09,08:00,217.8820037841797,218.00999450683594,217.63699340820312,217.6580047607422,0
2026.07.09,12:00,217.65699768066406,217.66799926757812,217.3459930419922,217.42799377441406,0
2026.07.09,16:00,217.41900634765625,217.8090057373047,217.40199279785156,217.7790069580078,0
2026.07.09,20:00,217.7760009765625,217.81900024414062,217.4720001220703,217.7519989013672,0
2026.07.10,00:00,217.74200439453125,217.8000030517578,216.93499755859375,217.12100219726562,0
2026.07.10,04:00,217.11900329589844,217.18600463867188,216.83599853515625,216.93800354003906,0
2026.07.10,08:00,216.9459991455078,217.33099365234375,216.70399475097656,217.28500366210938,0
2026.07.10,12:00,217.28500366210938,217.37600708007812,216.71400451660156,216.99899291992188,0
2026.07.10,16:00,217.00100708007812,217.02099609375,216.45399475097656,216.62899780273438,0
2026.07.10,20:00,216.62899780273438,216.73300170898438,216.52200317382812,216.68800354003906,0
2026.07.13,00:00,216.70599365234375,216.8489990234375,216.63299560546875,216.79600524902344,0
2026.07.13,04:00,216.79600524902344,217.3090057373047,216.74400329589844,217.03900146484375,0
2026.07.13,08:00,217.03900146484375,217.30599975585938,216.6269989013672,217.1439971923828,0
2026.07.13,12:00,217.1439971923828,217.25100708007812,216.92999267578125,217.19200134277344,0
2026.07.13,16:00,217.19400024414062,217.26499938964844,216.8990020751953,216.91000366210938,0
2026.07.13,20:00,216.9080047607422,217.00399780273438,216.6510009765625,216.83599853515625,0
2026.07.14,00:00,216.8350067138672,216.92100524902344,216.66099548339844,216.81199645996094,0
2026.07.14,04:00,216.80299377441406,216.96099853515625,216.75399780273438,216.8209991455078,0
2026.07.14,08:00,216.8300018310547,217.0800018310547,216.6840057373047,216.97500610351562,0
2026.07.14,12:00,216.96800231933594,217.38499450683594,216.8509979248047,217.11500549316406,0
2026.07.14,16:00,217.1179962158203,217.1540069580078,216.86300659179688,217.0399932861328,0
2026.07.14,20:00,217.04600524902344,217.30099487304688,216.86099243164062,217.24200439453125,0
2026.07.15,00:00,217.22900390625,217.3350067138672,217.09800720214844,217.31300354003906,0
2026.07.15,04:00,217.31100463867188,217.656005859375,217.2779998779297,217.59800720214844,0
2026.07.15,08:00,217.60000610351562,217.69200134277344,217.30099487304688,217.4949951171875,0
2026.07.15,12:00,217.4969940185547,218.63299560546875,217.4510040283203,218.53900146484375,0
2026.07.15,16:00,218.52999877929688,219.51400756835938,218.48199462890625,219.34800720214844,0
2026.07.15,20:00,219.33599853515625,219.60400390625,219.26600646972656,219.47999572753906,0
2026.07.16,00:00,219.4669952392578,219.52200317382812,219.1929931640625,219.33599853515625,0
2026.07.16,04:00,219.33200073242188,219.53500366210938,219.2989959716797,219.49899291992188,0
2026.07.16,08:00,219.50399780273438,219.5240020751953,218.9239959716797,218.95399475097656,0
2026.07.16,12:00,218.95799255371094,219.39700317382812,218.83799743652344,219.09500122070312,0
2026.07.16,16:00,219.0970001220703,219.14599609375,218.6649932861328,218.73500061035156,0
2026.07.16,20:00,218.73800659179688,218.95700073242188,218.6699981689453,218.75999450683594,0
2026.07.17,00:00,218.75100708007812,218.94200134277344,218.56100463867188,218.6009979248047,0
2026.07.17,04:00,218.59500122070312,218.70199584960938,218.54800415039062,218.61099243164062,0
2026.07.17,08:00,218.26199340820312,218.3679962158203,218.02499389648438,218.0679931640625,0
2026.07.17,12:00,218.0679931640625,218.4510040283203,217.98399353027344,218.35499572753906,0
2026.07.17,16:00,218.3470001220703,218.6490020751953,218.3159942626953,218.54299926757812,0
2026.07.17,20:00,218.54200744628906,218.6300048828125,218.33900451660156,218.4810028076172,0
2026.07.20,00:00,218.47799682617188,218.56300354003906,218.31500244140625,218.5290069580078,0
2026.07.20,04:00,218.52000427246094,218.6909942626953,218.47999572753906,218.5659942626953,0
2026.07.20,08:00,218.5780029296875,218.83399963378906,218.5290069580078,218.72300720214844,0
2026.07.20,12:00,218.71800231933594,218.79400634765625,218.343994140625,218.40899658203125,0
2026.07.20,16:00,218.40899658203125,218.41600036621094,218.031005859375,218.33700561523438,0
2026.07.20,20:00,218.33200073242188,218.36000061035156,218.03500366210938,218.1699981689453,0
2026.07.21,00:00,218.15499877929688,218.39300537109375,218.15499877929688,218.24200439453125,0
2026.07.21,04:00,218.24099731445312,218.65499877929688,218.21200561523438,218.55299377441406,0
2026.07.21,08:00,218.55499267578125,218.7259979248047,218.20599365234375,218.2429962158203,0
2026.07.21,12:00,218.2310028076172,218.33200073242188,217.51199340820312,217.9720001220703,0
2026.07.21,16:00,217.97000122070312,218.39100646972656,217.89999389648438,218.3520050048828,0
2026.07.21,20:00,218.35400390625,218.4239959716797,218.05599975585938,218.27200317382812,0
2026.07.22,00:00,218.26100158691406,218.3979949951172,218.21200561523438,218.3350067138672,0
2026.07.22,04:00,218.3260040283203,218.41400146484375,218.0540008544922,218.20700073242188,0
2026.07.22,08:00,218.197998046875,218.3990020751953,217.82200622558594,217.94000244140625,0
2026.07.22,12:00,217.92599487304688,218.35000610351562,217.8249969482422,218.14700317382812,0
2026.07.22,16:00,218.14700317382812,218.2209930419922,217.99400329589844,218.15199279785156,0
2026.07.22,20:00,218.16099548339844,218.2570037841797,218.0070037841797,218.08299255371094,0
2026.07.23,00:00,218.0679931640625,218.3459930419922,218.05599975585938,218.33200073242188,0
2026.07.23,04:00,218.3300018310547,218.41900634765625,218.13800048828125,218.19000244140625,0
2026.07.23,08:00,218.1820068359375,218.51499938964844,218.13900756835938,218.3820037841797,0
2026.07.23,12:00,218.3820037841797,218.6230010986328,218.01699829101562,218.33200073242188,0
2026.07.23,16:00,218.33200073242188,218.36900329589844,217.9550018310547,218.1179962158203,0
2026.07.23,20:00,218.12399291992188,218.26400756835938,217.8820037841797,218.1540069580078,0
2026.07.24,00:00,218.1699981689453,218.3260040283203,218.03599548339844,218.04200744628906,0
2026.07.24,04:00,218.05499267578125,218.2449951171875,217.97300720214844,218.22000122070312,0
2026.07.24,08:00,218.2259979248047,218.43600463867188,217.95899963378906,218.19400024414062,0
2026.07.24,12:00,218.19400024414062,218.33799743652344,217.9980010986328,218.22300720214844,0
2026.07.24,16:00,218.2270050048828,218.47300720214844,218.1999969482422,218.3179931640625,0
2026.07.24,20:00,218.32200622558594,218.33999633789062,218.156005859375,218.29100036621094,0
2026.07.27,00:00,218.4010009765625,218.5189971923828,218.3470001220703,218.44700622558594,0
2026.07.27,04:00,218.44500732421875,218.50100708007812,218.27699279785156,218.2830047607422,0
2026.07.27,08:00,218.28500366210938,218.2949981689453,217.843994140625,217.87399291992188,0
2026.07.27,12:00,217.87100219726562,218.03900146484375,217.7449951171875,217.76300048828125,0
2026.07.27,16:00,217.76199340820312,217.83900451660156,217.4669952392578,217.625,0
2026.07.27,20:00,217.63499450683594,217.77499389648438,217.46400451660156,217.58200073242188,0
2026.07.28,00:00,217.58200073242188,217.75,217.54299926757812,217.69700622558594,0
2026.07.28,04:00,217.69700622558594,217.81500244140625,217.51300048828125,217.7030029296875,0
2026.07.28,08:00,217.7050018310547,217.93899536132812,217.53500366210938,217.6909942626953,0
2026.07.28,12:00,217.69200134277344,217.99099731445312,217.59800720214844,217.79200744628906,0
2026.07.28,16:00,217.7969970703125,217.8780059814453,217.63299560546875,217.7469940185547,0
2026.07.28,20:00,217.74600219726562,217.84800720214844,217.5399932861328,217.66200256347656,0
2026.07.29,00:00,217.6580047607422,217.7550048828125,217.50100708007812,217.6439971923828,0
2026.07.29,04:00,217.64500427246094,217.6750030517578,217.1529998779297,217.44700622558594,0
2026.07.29,08:00,217.44200134277344,217.74200439453125,217.41400146484375,217.5070037841797,0
2026.07.29,12:00,217.51300048828125,217.9080047607422,217.4320068359375,217.75,0
2026.07.29,16:00,217.75,218.3209991455078,217.62899780273438,218.2689971923828,0
2026.07.29,20:00,218.27200317382812,218.55599975585938,218.0330047607422,218.41900634765625,0
2026.07.30,00:00,218.43099975585938,218.43600463867188,218.13999938964844,218.23500061035156,0
2026.07.30,04:00,218.22900390625,218.3679962158203,218.1300048828125,218.32000732421875,0
2026.07.30,08:00,218.322998046875,218.6790008544922,217.3509979248047,217.97999572753906,0
2026.07.30,12:00,218.0030059814453,218.21200561523438,212.24600219726562,213.8350067138672,0
2026.07.30,16:00,213.8209991455078,215.13600158691406,213.42100524902344,214.1179962158203,0
2026.07.30,20:00,214.12899780273438,215.14999389648438,214.11599731445312,215.05799865722656,0
2026.07.31,00:00,215.0070037841797,216.23399353027344,214.91400146484375,215.88600158691406,0
2026.07.31,04:00,215.8820037841797,216.3209991455078,215.2259979248047,215.59500122070312,0
2026.07.31,08:00,215.5959930419922,216.07699584960938,213.35899353027344,215.09100341796875,0
2026.07.31,12:00,215.09100341796875,215.38900756835938,213.06500244140625,214.27099609375,0
2026.07.31,16:00,214.26600646972656,214.85899353027344,213.2209930419922,214.23300170898438,0
2026.07.31,20:00,214.23300170898438,214.62600708007812,211.68800354003906,212.24400329589844,0
2026.08.03,00:00,212.29100036621094,212.97999572753906,209.51600646972656,210.77200317382812,0
2026.08.03,04:00,210.7729949951172,211.14199829101562,210.47900390625,211.01499938964844,0
2026.08.03,08:00,211.0229949951172,211.4290008544922,210.7259979248047,211.07200622558594,0
2026.08.03,12:00,211.07699584960938,211.31100463867188,210.18499755859375,210.3730010986328,0
2026.08.03,16:00,210.37600708007812,210.89100646972656,210.29800415039062,210.56500244140625,0
2026.08.03,20:00,210.5659942626953,211.40699768066406,210.52999877929688,211.3260040283203,0
2026.08.04,00:00,211.30599975585938,211.8459930419922,211.13699340820312,211.76699829101562,0
2026.08.04,04:00,211.75999450683594,211.8419952392578,211.4029998779297,211.73399353027344,0
2026.08.04,08:00,211.72999572753906,212.33200073242188,211.718994140625,212.14199829101562,0
2026.08.04,12:00,212.14199829101562,212.18299865722656,211.43099975585938,211.8560028076172,0
2026.08.04,16:00,211.86399841308594,212.08299255371094,211.68299865722656,212.0540008544922,0
2026.08.04,20:00,212.052001953125,212.29800415039062,212.02000427246094,212.1300048828125,0
2026.08.05,00:00,212.16000366210938,212.2429962158203,211.69000244140625,211.8249969482422,0
2026.08.05,04:00,211.81900024414062,212.32000732421875,211.77000427246094,212.25999450683594,0
2026.08.05,08:00,212.25999450683594,212.55799865722656,212.05499267578125,212.36900329589844,0
2026.08.05,12:00,212.375,212.42300415039062,211.98500061035156,212.2760009765625,0
2026.08.05,16:00,212.2740020751953,212.42100524902344,212.1269989013672,212.35800170898438,0
2026.08.05,20:00,212.35800170898438,212.49000549316406,212.1909942626953,212.3159942626953,0
2026.08.06,00:00,212.322998046875,212.48899841308594,212.2169952392578,212.32699584960938,0
2026.08.06,04:00,212.33099365234375,212.46200561523438,212.2530059814453,212.42999267578125,0
2026.08.06,08:00,212.4250030517578,212.56399536132812,212.2689971923828,212.5050048828125,0
2026.08.06,12:00,212.5070037841797,213.1719970703125,212.4949951171875,213.03199768066406,0
2026.08.06,16:00,213.03199768066406,213.29800415039062,212.85299682617188,213.05099487304688,0
2026.08.06,20:00,213.0500030517578,213.23399353027344,212.9040069580078,213.14199829101562,0
2026.08.07,00:00,213.13800048828125,213.26300048828125,212.85000610351562,213.0330047607422,0
2026.08.07,04:00,213.0330047607422,213.13800048828125,212.94900512695312,213.04600524902344,0
2026.08.07,08:00,213.0449981689453,213.10800170898438,212.63400268554688,212.71400451660156,0
2026.08.07,12:00,212.71499633789062,213.05599975585938,211.4199981689453,213.01100158691406,0
2026.08.07,16:00,213.01800537109375,213.05799865722656,212.36300659179688,212.65899658203125,0
2026.08.07,20:00,212.6540069580078,212.9600067138672,212.5489959716797,212.88400268554688,0
2026.08.10,00:00,213.01300048828125,213.51499938964844,212.91700744628906,213.37399291992188,0
2026.08.10,04:00,213.3769989013672,213.8090057373047,213.26400756835938,213.72799682617188,0
2026.08.10,08:00,213.72500610351562,214.4219970703125,213.71200561523438,214.37100219726562,0
2026.08.10,12:00,214.36399841308594,214.99400329589844,213.84100341796875,214.88699340820312,0
2026.08.10,16:00,214.88699340820312,215.23699951171875,214.8000030517578,215.10899353027344,0
2026.08.10,20:00,215.10899353027344,215.23899841308594,214.75900268554688,215.13400268554688,0
2026.08.11,00:00,215.11399841308594,215.17100524902344,214.78599548339844,215.07400512695312,0
2026.08.11,04:00,215.07200622558594,215.1909942626953,214.95399475097656,215.0050048828125,0
2026.08.11,08:00,215.00799560546875,215.2270050048828,214.8820037841797,214.9239959716797,0
2026.08.11,12:00,214.92100524902344,215.11500549316406,214.75100708007812,215.0959930419922,0
2026.08.11,16:00,215.0919952392578,215.2239990234375,215.01300048828125,215.06100463867188,0
2026.08.11,20:00,215.05299377441406,215.21400451660156,214.98399353027344,215.15699768066406,0
2026.08.12,00:00,215.15699768066406,215.31500244140625,215.0780029296875,215.29400634765625,0
2026.08.12,04:00,215.28799438476562,215.37899780273438,215.15899658203125,215.29800415039062,0
2026.08.12,08:00,215.2989959716797,215.3560028076172,214.5030059814453,215.13299560546875,0
2026.08.12,12:00,215.1269989013672,215.2239990234375,214.7010040283203,215.05999755859375,0
2026.08.12,16:00,215.06199645996094,215.2519989013672,214.9969940185547,215.1199951171875,0
2026.08.12,20:00,215.11700439453125,215.20899963378906,214.9720001220703,215.1020050048828,0
2026.08.13,00:00,215.09800720214844,215.1230010986328,214.96299743652344,215.03599548339844,0
2026.08.13,04:00,215.03599548339844,215.11599731445312,214.76600646972656,214.88099670410156,0
2026.08.13,08:00,214.87899780273438,215.11900329589844,214.7790069580078,214.93800354003906,0
2026.08.13,12:00,214.9459991455078,215.14599609375,214.79200744628906,214.98800659179688,0
2026.08.13,16:00,214.9949951171875,215.1199951171875,214.9709930419922,215.072998046875,0
2026.08.13,20:00,215.072998046875,215.18499755859375,214.93699645996094,215.07400512695312,0
2026.08.14,00:00,215.0919952392578,215.18600463867188,215.0240020751953,215.03500366210938,0
2026.08.14,04:00,215.03599548339844,215.13400268554688,214.87399291992188,215.0449981689453,0
2026.08.14,08:00,215.0489959716797,215.34500122070312,215.0240020751953,215.3249969482422,0
2026.08.14,12:00,215.3260040283203,215.56399536132812,214.8820037841797,215.45599365234375,0
2026.08.14,16:00,215.4510040283203,215.8939971923828,215.3979949951172,215.68899536132812,0
2026.08.14,20:00,215.68600463867188,215.74400329589844,215.49099731445312,215.66700744628906,0
2026.08.17,00:00,215.5229949951172,215.74200439453125,215.4550018310547,215.48599243164062,0
2026.08.17,04:00,215.4949951171875,215.66400146484375,215.47300720214844,215.52000427246094,0
2026.08.17,08:00,215.52099609375,215.86000061035156,215.40199279785156,215.7969970703125,0
2026.08.17,12:00,215.79299926757812,216.08299255371094,215.74200439453125,215.8730010986328,0
2026.08.17,16:00,215.875,216.15499877929688,215.85000610351562,216.0500030517578,0
2026.08.17,20:00,216.0489959716797,216.06900024414062,215.71600341796875,215.89700317382812,0
2026.08.18,00:00,215.8990020751953,216.10899353027344,215.8489990234375,215.99600219726562,0
2026.08.18,04:00,215.9969940185547,216.21600341796875,215.90499877929688,216.04200744628906,0
2026.08.18,08:00,216.0449981689453,216.0989990234375,215.91700744628906,216.00399780273438,0
2026.08.18,12:00,216.01300048828125,216.1479949951172,215.9499969482422,216.0780029296875,0
2026.08.18,16:00,216.0749969482422,216.17300415039062,215.97999572753906,216.0,0
2026.08.18,20:00,216.00399780273438,216.0800018310547,215.80099487304688,215.98500061035156,0
