2026.05.18,16:00,4570.60009765625,4593.2001953125,4570.60009765625,4585.5,2156
2026.05.18,20:00,4585.39990234375,4593.10009765625,4545.2001953125,4548.89990234375,15007
2026.05.19,00:00,4547.7998046875,4562.7001953125,4533.89990234375,4560.7001953125,17012
2026.05.19,04:00,4560.7001953125,4562.5,4528.60009765625,4534.0,17116
2026.05.19,08:00,4533.7998046875,4550.89990234375,4467.10009765625,4511.7001953125,65598
2026.05.19,12:00,4512.0,4516.0,4484.7998046875,4487.0,15612
2026.05.19,16:00,4486.89990234375,4499.5,4480.0,4491.7998046875,3943
2026.05.19,20:00,4492.2001953125,4512.0,4455.0,4467.10009765625,19054
2026.05.20,00:00,4465.7998046875,4488.7001953125,4458.60009765625,4480.89990234375,16240
2026.05.20,04:00,4481.10009765625,4503.7001953125,4475.10009765625,4501.2001953125,23686
2026.05.20,08:00,4501.0,4558.39990234375,4469.10009765625,4532.10009765625,62776
2026.05.20,12:00,4532.10009765625,4553.7998046875,4527.10009765625,4548.10009765625,20192
2026.05.20,16:00,4548.39990234375,4553.2001953125,4535.60009765625,4548.0,3656
2026.05.20,20:00,4548.2998046875,4572.39990234375,4528.2998046875,4529.89990234375,14046
2026.05.21,00:00,4529.39990234375,4541.60009765625,4513.2001953125,4520.7998046875,14274
2026.05.21,04:00,4520.89990234375,4544.2001953125,4505.7001953125,4515.0,19557
2026.05.21,08:00,4515.2001953125,4522.2998046875,4488.2998046875,4513.0,61248
2026.05.21,12:00,4513.2001953125,4561.2001953125,4513.10009765625,4544.10009765625,32283
2026.05.21,16:00,4543.89990234375,4547.0,4532.7001953125,4536.0,3451
2026.05.21,20:00,4536.2001953125,4541.89990234375,4519.39990234375,4529.89990234375,8092
2026.05.22,00:00,4530.60009765625,4535.39990234375,4508.2001953125,4522.7001953125,11997
2026.05.22,04:00,4522.7001953125,4537.60009765625,4511.39990234375,4521.5,19117
2026.05.22,08:00,4521.10009765625,4537.39990234375,4488.0,4521.0,43653
2026.05.22,12:00,4521.2998046875,4529.89990234375,4505.60009765625,4510.0,20181
2026.05.22,16:00,4510.10009765625,4523.2001953125,4505.39990234375,4523.2001953125,1621
2026.05.26,00:00,4542.7001953125,4543.60009765625,4521.7998046875,4538.60009765625,18635
2026.05.26,04:00,4539.0,4540.89990234375,4503.0,4507.5,41159
2026.05.26,08:00,4507.10009765625,4532.2998046875,4500.2001953125,4506.7001953125,66720
2026.05.26,12:00,4506.5,4512.0,4480.0,4508.7001953125,40188
2026.05.26,16:00,4509.0,4528.10009765625,4498.89990234375,4519.60009765625,2545
2026.05.26,20:00,4517.39990234375,4525.7998046875,4496.2001953125,4496.2998046875,2723
2026.05.27,00:00,4496.0,4520.60009765625,4478.5,4513.2001953125,30002
2026.05.27,04:00,4513.10009765625,4529.5,4454.2998046875,4458.2998046875,49992
2026.05.27,08:00,4458.5,4496.5,4431.0,4468.0,88245
2026.05.27,12:00,4468.10009765625,4490.0,4465.60009765625,4483.0,25758
2026.05.27,16:00,4482.7998046875,4502.0,4473.2001953125,4477.7001953125,3419
2026.05.27,20:00,4477.39990234375,4489.5,4398.0,4405.2998046875,21364
2026.05.28,00:00,4404.2001953125,4426.0,4395.60009765625,4417.2001953125,19084
2026.05.28,04:00,4417.5,4434.2998046875,4405.5,4418.2001953125,17418
2026.05.28,08:00,4417.89990234375,4515.89990234375,4409.7998046875,4512.5,57929
2026.05.28,12:00,4512.89990234375,4547.10009765625,4507.5,4528.7001953125,26476
2026.05.28,16:00,4528.7001953125,4531.7001953125,4519.5,4525.60009765625,3035
2026.05.28,20:00,4525.5,4551.2001953125,4522.5,4530.89990234375,11405
2026.05.29,00:00,4531.39990234375,4557.2001953125,4531.39990234375,4555.5,16746
2026.05.29,04:00,4555.0,4574.39990234375,4540.0,4569.10009765625,19191
2026.05.29,08:00,4569.2001953125,4627.10009765625,4543.39990234375,4602.10009765625,54002
2026.05.29,12:00,4602.10009765625,4604.5,4574.10009765625,4576.7998046875,19052
2026.05.29,16:00,4576.89990234375,4593.0,4567.2998046875,4593.0,1797
2026.05.31,16:00,4555.2998046875,4576.39990234375,4554.10009765625,4570.7001953125,3322
2026.05.31,20:00,4570.5,4577.2998046875,4540.2998046875,4546.0,10687
2026.06.01,00:00,4546.89990234375,4555.39990234375,4522.10009765625,4532.7001953125,12748
2026.06.01,04:00,4533.0,4542.7998046875,4518.60009765625,4536.0,15102
2026.06.01,08:00,4535.7998046875,4540.39990234375,4476.0,4504.10009765625,48604
2026.06.01,12:00,4504.7001953125,4525.60009765625,4493.10009765625,4511.10009765625,19687
2026.06.01,16:00,4511.2001953125,4518.60009765625,4508.2001953125,4514.2998046875,2962
2026.06.01,20:00,4514.39990234375,4530.0,4492.2998046875,4528.39990234375,13974
2026.06.02,00:00,4529.2998046875,4571.2998046875,4528.0,4565.2001953125,19493
2026.06.02,04:00,4565.2001953125,4569.2998046875,4550.89990234375,4557.2998046875,13796
2026.06.02,08:00,4557.5,4563.7998046875,4519.39990234375,4531.7001953125,30722
2026.06.02,12:00,4531.7001953125,4532.7998046875,4508.0,4517.7001953125,15808
2026.06.02,16:00,4517.7998046875,4522.7001953125,4490.5,4502.89990234375,6422
2026.06.02,20:00,4502.60009765625,4525.10009765625,4491.2001953125,4512.0,13222
2026.06.03,00:00,4512.39990234375,4516.10009765625,4481.10009765625,4481.60009765625,14562
2026.06.03,04:00,4481.7998046875,4496.5,4467.2001953125,4490.60009765625,18939
2026.06.03,08:00,4490.89990234375,4495.60009765625,4454.0,4469.7998046875,31275
2026.06.03,12:00,4470.0,4480.0,4461.10009765625,4472.0,14920
2026.06.03,16:00,4471.89990234375,4491.2001953125,4450.10009765625,4483.5,5034
2026.06.03,20:00,4484.0,4504.2001953125,4470.0,4490.60009765625,11770
2026.06.04,00:00,4490.60009765625,4511.2001953125,4486.2001953125,4488.5,11853
2026.06.04,04:00,4488.39990234375,4542.39990234375,4485.39990234375,4539.2001953125,18593
2026.06.04,08:00,4539.10009765625,4543.2001953125,4483.7998046875,4504.89990234375,41783
2026.06.04,12:00,4504.89990234375,4513.2001953125,4500.0,4508.89990234375,17144
2026.06.04,16:00,4508.5,4509.2998046875,4487.7001953125,4488.39990234375,3268
2026.06.04,20:00,4488.2001953125,4497.0,4461.2001953125,4468.39990234375,15292
2026.06.05,00:00,4468.7001953125,4494.2001953125,4454.7998046875,4487.7001953125,14182
2026.06.05,04:00,4487.2998046875,4502.2001953125,4484.7998046875,4497.0,12226
2026.06.05,08:00,4497.39990234375,4502.7998046875,4358.7998046875,4360.39990234375,85345
2026.06.05,12:00,4360.2998046875,4372.0,4338.2998046875,4343.5,37820
2026.06.05,16:00,4343.7001953125,4365.2998046875,4336.60009765625,4365.2998046875,4141
2026.06.07,16:00,4342.2001953125,4371.0,4337.2998046875,4367.89990234375,5697
2026.06.07,20:00,4367.0,4377.5,4323.60009765625,4339.7998046875,19737
2026.06.08,00:00,4342.0,4346.39990234375,4293.0,4319.89990234375,21790
2026.06.08,04:00,4319.2998046875,4358.5,4297.10009765625,4356.2998046875,28715
2026.06.08,08:00,4355.7001953125,4371.5,4339.0,4366.10009765625,41080
2026.06.08,12:00,4365.89990234375,4371.0,4346.60009765625,4350.2998046875,19152
2026.06.08,16:00,4350.5,4363.39990234375,4336.0,4340.89990234375,3290
2026.06.08,20:00,4340.89990234375,4366.5,4338.7998046875,4359.7998046875,11593
2026.06.09,00:00,4360.7998046875,4375.7001953125,4346.0,4350.2001953125,13082
2026.06.09,04:00,4350.10009765625,4368.2998046875,4344.5,4364.2998046875,13242
2026.06.09,08:00,4364.39990234375,4388.60009765625,4287.10009765625,4296.7001953125,53475
2026.06.09,12:00,4296.5,4305.2998046875,4259.89990234375,4282.7001953125,38233
2026.06.09,16:00,4282.7998046875,4286.10009765625,4233.0,4245.10009765625,6527
2026.06.09,20:00,4245.2001953125,4251.10009765625,4195.5,4208.2001953125,23047
2026.06.10,00:00,4208.89990234375,4245.5,4194.2001953125,4209.7001953125,18044
2026.06.10,04:00,4209.39990234375,4211.0,4168.2001953125,4170.2001953125,33716
2026.06.10,08:00,4169.89990234375,4209.5,4129.60009765625,4151.89990234375,75665
2026.06.10,12:00,4152.7001953125,4158.7998046875,4105.0,4106.2001953125,36042
2026.06.10,16:00,4106.0,4106.39990234375,4046.199951171875,4069.699951171875,10277
2026.06.10,20:00,4070.89990234375,4138.5,4058.0,4095.5,35745
2026.06.11,00:00,4094.39990234375,4131.5,4091.199951171875,4125.7998046875,19192
2026.06.11,04:00,4125.7001953125,4133.60009765625,4098.10009765625,4100.7001953125,17598
2026.06.11,08:00,4100.89990234375,4116.7998046875,4072.800048828125,4110.0,48891
2026.06.11,12:00,4110.2001953125,4241.2998046875,4092.89990234375,4229.89990234375,59917
2026.06.11,16:00,4230.2001953125,4267.7998046875,4226.2001953125,4240.60009765625,7423
2026.06.11,20:00,4240.10009765625,4251.7001953125,4192.89990234375,4220.89990234375,17233
2026.06.12,00:00,4219.0,4222.60009765625,4191.10009765625,4215.2001953125,13704
2026.06.12,04:00,4215.89990234375,4249.60009765625,4213.2001953125,4227.7998046875,22309
2026.06.12,08:00,4227.89990234375,4256.7998046875,4197.5,4232.39990234375,46989
2026.06.12,12:00,4232.2998046875,4256.2001953125,4223.2001953125,4231.89990234375,22683
2026.06.12,16:00,4231.60009765625,4240.60009765625,4230.7001953125,4238.7998046875,1729
2026.06.14,16:00,4325.60009765625,4327.0,4300.0,4314.2998046875,8295
2026.06.14,20:00,4314.2998046875,4356.7998046875,4306.39990234375,4345.7001953125,18448
2026.06.15,00:00,4346.39990234375,4353.89990234375,4321.60009765625,4344.2998046875,13538
2026.06.15,04:00,4344.10009765625,4368.89990234375,4342.7001953125,4356.60009765625,19940
2026.06.15,08:00,4356.60009765625,4391.5,4345.2998046875,4377.60009765625,41646
2026.06.15,12:00,4377.7998046875,4380.2998046875,4338.2001953125,4342.39990234375,19019
2026.06.15,16:00,4342.60009765625,4343.89990234375,4326.7001953125,4337.2998046875,4267
2026.06.15,20:00,4336.60009765625,4354.10009765625,4327.39990234375,4351.39990234375,10828
2026.06.16,00:00,4352.10009765625,4357.10009765625,4334.2001953125,4356.60009765625,9436
2026.06.16,04:00,4356.39990234375,4370.60009765625,4354.2001953125,4361.39990234375,15321
2026.06.16,08:00,4361.60009765625,4376.5,4333.7001953125,4355.7001953125,32298
2026.06.16,12:00,4355.60009765625,4368.10009765625,4346.39990234375,4355.60009765625,15230
2026.06.16,16:00,4355.2998046875,4358.0,4348.7001953125,4350.7998046875,1717
2026.06.16,20:00,4350.89990234375,4369.7998046875,4348.2001953125,4351.2001953125,7726
2026.06.17,00:00,4352.2001953125,4353.7998046875,4337.10009765625,4344.7001953125,9765
2026.06.17,04:00,4344.7998046875,4355.10009765625,4335.60009765625,4342.60009765625,9271
2026.06.17,08:00,4342.7998046875,4385.5,4338.7001953125,4383.60009765625,35178
2026.06.17,12:00,4383.2998046875,4403.60009765625,4237.39990234375,4254.2998046875,84923
2026.06.17,16:00,4254.2001953125,4303.0,4253.2998046875,4297.2001953125,9824
2026.06.17,20:00,4297.60009765625,4350.2001953125,4296.2001953125,4339.60009765625,18016
2026.06.18,00:00,4340.0,4345.2001953125,4307.10009765625,4308.39990234375,14309
2026.06.18,04:00,4308.60009765625,4312.60009765625,4257.89990234375,4260.60009765625,23136
2026.06.18,08:00,4260.5,4296.2001953125,4241.7001953125,4245.5,46578
2026.06.18,12:00,4245.7998046875,4252.5,4220.2998046875,4236.2001953125,25636
2026.06.18,16:00,4236.2001953125,4238.7001953125,4205.0,4206.7998046875,3348
2026.06.18,20:00,4206.89990234375,4216.89990234375,4162.7001953125,4167.5,11665
2026.06.21,16:00,4163.89990234375,4181.5,4151.39990234375,4157.0,6943
2026.06.21,20:00,4157.2998046875,4238.10009765625,4156.60009765625,4189.60009765625,19489
2026.06.22,00:00,4189.2001953125,4225.39990234375,4172.89990234375,4208.5,10338
2026.06.22,04:00,4208.2998046875,4233.7001953125,4172.89990234375,4225.2998046875,12822
2026.06.22,08:00,4225.89990234375,4229.89990234375,4172.89990234375,4201.0,37656
2026.06.22,12:00,4200.7998046875,4211.89990234375,4172.89990234375,4209.39990234375,12616
2026.06.22,16:00,4209.39990234375,4213.60009765625,4172.89990234375,4205.5,1829
2026.06.22,20:00,4205.0,4216.0,4148.39990234375,4162.2001953125,17290
2026.06.23,00:00,4161.7998046875,4164.7998046875,4114.0,4116.0,20070
2026.06.23,04:00,4116.2998046875,4151.10009765625,4108.2001953125,4141.10009765625,18540
2026.06.23,08:00,4141.0,4163.5,4122.7998046875,4156.7001953125,40393
2026.06.23,12:00,4156.7998046875,4161.7998046875,4129.10009765625,4129.60009765625,15157
2026.06.23,16:00,4129.89990234375,4132.39990234375,4097.89990234375,4116.60009765625,5477
2026.06.23,20:00,4117.0,4129.7001953125,4067.0,4079.89990234375,19707
2026.06.24,00:00,4080.10009765625,4114.7001953125,4071.60009765625,4091.5,14024
2026.06.24,04:00,4091.60009765625,4104.7998046875,4053.89990234375,4063.199951171875,17832
2026.06.24,08:00,4063.39990234375,4065.199951171875,3980.300048828125,4019.5,87394
2026.06.24,12:00,4019.39990234375,4039.699951171875,3975.699951171875,4004.89990234375,34253
2026.06.24,16:00,4005.5,4033.89990234375,4001.60009765625,4026.60009765625,6162
2026.06.24,20:00,4028.300048828125,4031.5,3976.300048828125,4012.39990234375,20036
2026.06.25,00:00,4011.10009765625,4015.699951171875,3986.60009765625,4003.5,16728
2026.06.25,04:00,4003.60009765625,4017.89990234375,3988.60009765625,3995.300048828125,16023
2026.06.25,08:00,3995.39990234375,4058.699951171875,3993.5,4057.5,58823
2026.06.25,12:00,4057.199951171875,4060.0,4036.800048828125,4041.60009765625,24346
2026.06.25,16:00,4042.10009765625,4051.60009765625,4027.5,4030.199951171875,2767
2026.06.25,20:00,4029.89990234375,4044.800048828125,3998.10009765625,4018.60009765625,15436
2026.06.26,00:00,4019.39990234375,4055.5,4013.800048828125,4046.39990234375,16140
2026.06.26,04:00,4046.10009765625,4071.5,4041.199951171875,4061.0,16408
2026.06.26,08:00,4061.10009765625,4111.5,4050.60009765625,4106.2998046875,43697
2026.06.26,12:00,4106.10009765625,4109.2001953125,4079.0,4086.199951171875,17037
2026.06.26,16:00,4086.39990234375,4104.39990234375,4079.0,4096.2998046875,2400
2026.06.28,16:00,4089.800048828125,4092.39990234375,4065.89990234375,4076.699951171875,4888
2026.06.28,20:00,4076.300048828125,4090.39990234375,4062.60009765625,4083.199951171875,11612
2026.06.29,00:00,4082.800048828125,4083.199951171875,4053.800048828125,4076.300048828125,13546
2026.06.29,04:00,4075.699951171875,4081.0,4038.10009765625,4053.300048828125,20295
2026.06.29,08:00,4053.5,4067.0,4012.0,4041.5,35187
2026.06.29,12:00,4041.5,4046.699951171875,4019.199951171875,4030.39990234375,15308
2026.06.29,16:00,4030.60009765625,4036.699951171875,4023.5,4029.39990234375,2535
2026.06.29,20:00,4028.60009765625,4028.89990234375,3955.39990234375,3983.800048828125,27348
2026.06.30,00:00,3982.5,4048.699951171875,3981.300048828125,4046.300048828125,19317
2026.06.30,04:00,4046.39990234375,4051.800048828125,4025.89990234375,4047.5,15397
2026.06.30,08:00,4048.0,4078.10009765625,4022.10009765625,4044.199951171875,40558
2026.06.30,12:00,4043.800048828125,4048.699951171875,4029.10009765625,4030.199951171875,14834
2026.06.30,16:00,4030.199951171875,4036.0,4018.0,4018.89990234375,4097
2026.06.30,20:00,4018.89990234375,4022.699951171875,3983.0,3992.89990234375,14464
2026.07.01,00:00,3993.39990234375,3995.39990234375,3973.0,3988.699951171875,18271
2026.07.01,04:00,3988.800048828125,4049.39990234375,3982.5,4044.0,18407
2026.07.01,08:00,4044.5,4131.0,4026.60009765625,4095.10009765625,64194
2026.07.01,12:00,4095.5,4102.89990234375,4048.39990234375,4052.300048828125,18301
2026.07.01,16:00,4052.199951171875,4057.199951171875,4042.10009765625,4047.39990234375,4825
2026.07.01,20:00,4047.10009765625,4086.300048828125,4042.800048828125,4082.300048828125,13396
2026.07.02,00:00,4082.10009765625,4092.5,4065.199951171875,4076.60009765625,12022
2026.07.02,04:00,4076.5,4092.60009765625,4069.699951171875,4077.5,14444
2026.07.02,08:00,4077.300048828125,4157.10009765625,4073.39990234375,4141.39990234375,58422
2026.07.02,12:00,4141.7001953125,4143.2001953125,4113.0,4134.0,18011
2026.07.02,16:00,4134.2001953125,4149.10009765625,4129.39990234375,4139.2001953125,4570
2026.07.02,20:00,4139.0,4208.2998046875,4135.89990234375,4188.5,17613
2026.07.05,16:00,4187.5,4214.10009765625,4184.39990234375,4195.2001953125,6643
2026.07.05,20:00,4195.7998046875,4215.5,4172.7001953125,4177.0,13878
2026.07.06,00:00,4177.0,4187.2998046875,4156.39990234375,4175.7001953125,10509
2026.07.06,04:00,4176.39990234375,4187.2998046875,4148.39990234375,4167.39990234375,12333
2026.07.06,08:00,4167.39990234375,4187.2998046875,4140.60009765625,4159.89990234375,29226
2026.07.06,12:00,4160.10009765625,4187.2998046875,4152.0,4175.5,14422
2026.07.06,16:00,4175.39990234375,4187.2998046875,4168.0,4168.7001953125,1381
2026.07.06,20:00,4168.5,4174.5,4135.2001953125,4141.7998046875,12004
2026.07.07,00:00,4142.39990234375,4152.39990234375,4127.7001953125,4135.7998046875,10479
2026.07.07,04:00,4135.39990234375,4170.0,4130.60009765625,4168.60009765625,15227
2026.07.07,08:00,4168.60009765625,4192.39990234375,4146.89990234375,4150.10009765625,40371
2026.07.07,12:00,4150.39990234375,4159.7998046875,4102.7001953125,4125.10009765625,25639
2026.07.07,16:00,4125.2998046875,4126.7001953125,4104.0,4108.7998046875,5136
2026.07.07,20:00,4108.5,4142.2998046875,4106.7998046875,4133.7001953125,14873
2026.07.08,00:00,4134.2001953125,4144.7001953125,4125.39990234375,4132.0,11079
2026.07.08,04:00,4132.0,4132.5,4050.0,4072.300048828125,42758
2026.07.08,08:00,4071.89990234375,4096.7998046875,4032.5,4044.10009765625,53416
2026.07.08,12:00,4044.5,4101.60009765625,4043.39990234375,4090.199951171875,32625
2026.07.08,16:00,4090.5,4093.5,4081.10009765625,4085.60009765625,3459
2026.07.08,20:00,4087.5,4099.10009765625,4063.39990234375,4072.10009765625,13261
2026.07.09,00:00,4073.60009765625,4121.0,4065.89990234375,4117.89990234375,18333
2026.07.09,04:00,4117.89990234375,4127.39990234375,4102.7998046875,4118.7001953125,15009
2026.07.09,08:00,4118.7001953125,4147.39990234375,4114.7998046875,4136.39990234375,40088
2026.07.09,12:00,4136.7998046875,4148.39990234375,4128.2998046875,4132.39990234375,22554
2026.07.09,16:00,4132.10009765625,4136.7998046875,4130.0,4132.60009765625,1561
2026.07.09,20:00,4132.5,4144.60009765625,4118.2998046875,4129.5,11572
2026.07.10,00:00,4128.7998046875,4130.5,4113.0,4117.89990234375,9734
2026.07.10,04:00,4117.60009765625,4121.7998046875,4103.0,4111.0,14449
2026.07.10,08:00,4111.39990234375,4127.0,4081.699951171875,4122.10009765625,35670
2026.07.10,12:00,4122.39990234375,4124.7998046875,4106.2998046875,4116.60009765625,17125
2026.07.10,16:00,4116.39990234375,4129.0,4113.7001953125,4113.7001953125,1563
2026.07.12,16:00,4097.89990234375,4102.2001953125,4075.800048828125,4092.89990234375,4830
2026.07.12,20:00,4093.10009765625,4099.7001953125,4060.699951171875,4067.39990234375,17637
2026.07.13,00:00,4068.10009765625,4080.89990234375,4052.0,4072.800048828125,15298
2026.07.13,04:00,4072.800048828125,4089.10009765625,4055.0,4064.0,17514
2026.07.13,08:00,4064.0,4075.5,4005.800048828125,4023.300048828125,52213
2026.07.13,12:00,4023.10009765625,4025.5,3992.89990234375,4009.300048828125,33594
2026.07.13,16:00,4009.39990234375,4015.5,3999.10009765625,4007.89990234375,3838
2026.07.13,20:00,4008.60009765625,4025.699951171875,3990.39990234375,4022.60009765625,16215
2026.07.14,00:00,4023.699951171875,4040.39990234375,4019.89990234375,4027.300048828125,12085
2026.07.14,04:00,4027.300048828125,4039.0,4020.10009765625,4038.10009765625,13522
2026.07.14,08:00,4038.5,4112.5,4029.800048828125,4073.10009765625,71392
2026.07.14,12:00,4073.199951171875,4073.800048828125,4049.199951171875,4062.10009765625,26929
2026.07.14,16:00,4062.10009765625,4063.10009765625,4052.699951171875,4058.800048828125,3367
2026.07.14,20:00,4059.0,4068.60009765625,4033.89990234375,4037.89990234375,12221
2026.07.15,00:00,4036.89990234375,4044.699951171875,4025.60009765625,4030.699951171875,13644
2026.07.15,04:00,4030.699951171875,4046.5,4023.300048828125,4044.5,13812
2026.07.15,08:00,4044.89990234375,4080.699951171875,4041.800048828125,4053.199951171875,36729
2026.07.15,12:00,4053.39990234375,4089.10009765625,4033.0,4064.0,30278
2026.07.15,16:00,4063.699951171875,4071.89990234375,4061.10009765625,4063.60009765625,3190
2026.07.15,20:00,4063.800048828125,4067.10009765625,4029.39990234375,4040.699951171875,11971
2026.07.16,00:00,4041.800048828125,4051.800048828125,4027.699951171875,4036.10009765625,10991
2026.07.16,04:00,4035.5,4048.39990234375,4026.199951171875,4044.10009765625,13793
2026.07.16,08:00,4044.39990234375,4048.699951171875,3977.10009765625,4011.800048828125,58081
2026.07.16,12:00,4011.39990234375,4012.300048828125,3973.39990234375,3984.60009765625,22637
2026.07.16,16:00,3984.800048828125,3989.89990234375,3976.199951171875,3989.199951171875,2906
2026.07.16,20:00,3989.5,4012.199951171875,3974.10009765625,3995.699951171875,13820
2026.07.17,00:00,3995.0,3995.10009765625,3978.39990234375,3983.699951171875,4406
2026.07.17,04:00,4000.0,4006.5,3993.60009765625,3997.89990234375,20046
2026.07.17,08:00,3998.699951171875,4026.10009765625,3963.0,4024.10009765625,48607
2026.07.17,12:00,4024.0,4028.89990234375,4006.800048828125,4019.89990234375,19291
2026.07.17,16:00,4019.89990234375,4022.89990234375,4013.199951171875,4018.800048828125,0
2026.07.19,16:00,4001.0,4004.39990234375,3993.0,3999.199951171875,2637
2026.07.19,20:00,3999.60009765625,4034.199951171875,3986.5,4027.800048828125,15713
2026.07.20,00:00,4028.699951171875,4031.300048828125,4006.5,4022.10009765625,10505
2026.07.20,04:00,4022.39990234375,4046.0,4018.699951171875,4030.5,15270
2026.07.20,08:00,4030.0,4030.199951171875,4001.60009765625,4016.199951171875,36522
2026.07.20,12:00,4016.300048828125,4022.800048828125,4005.199951171875,4011.10009765625,16886
2026.07.20,16:00,4010.800048828125,4015.10009765625,4003.300048828125,4014.39990234375,3393
2026.07.20,20:00,4011.0,4057.199951171875,4008.300048828125,4050.89990234375,15891
2026.07.21,00:00,4051.699951171875,4088.39990234375,4048.39990234375,4075.699951171875,21455
2026.07.21,04:00,4075.60009765625,4076.89990234375,4058.89990234375,4060.60009765625,18417
2026.07.21,08:00,4060.5,4088.0,4048.39990234375,4078.60009765625,38657
2026.07.21,12:00,4078.5,4092.5,4071.0,4088.800048828125,15740
2026.07.21,16:00,4088.89990234375,4090.89990234375,4080.89990234375,4085.60009765625,2753
2026.07.21,20:00,4085.5,4146.0,4081.10009765625,4135.5,22087
2026.07.22,00:00,4135.10009765625,4140.0,4113.2998046875,4114.60009765625,17094
2026.07.22,04:00,4115.5,4127.89990234375,4114.7998046875,4127.39990234375,14639
2026.07.22,08:00,4126.89990234375,4171.39990234375,4110.39990234375,4164.10009765625,48871
2026.07.22,12:00,4164.5,4164.5,4133.89990234375,4136.39990234375,21198
2026.07.22,16:00,4136.2998046875,4142.7998046875,4074.60009765625,4135.7998046875,9906
2026.07.22,20:00,4136.89990234375,4144.0,4114.7001953125,4127.60009765625,13389
2026.07.23,00:00,4127.7001953125,4133.39990234375,4093.0,4098.2998046875,13506
2026.07.23,04:00,4098.7001953125,4102.39990234375,4075.699951171875,4088.89990234375,19013
2026.07.23,08:00,4088.39990234375,4089.0,4042.5,4051.199951171875,66361
2026.07.23,12:00,4051.5,4057.5,4042.5,4051.89990234375,30255
2026.07.23,16:00,4052.0,4053.800048828125,4048.800048828125,4049.39990234375,3223
2026.07.23,20:00,4049.89990234375,4054.10009765625,4025.300048828125,4031.10009765625,13644
2026.07.24,00:00,4031.300048828125,4056.300048828125,4024.0,4051.10009765625,13474
2026.07.24,04:00,4050.699951171875,4067.0,4047.5,4060.199951171875,14839
2026.07.24,08:00,4060.800048828125,4085.199951171875,4046.89990234375,4079.89990234375,44103
2026.07.24,12:00,4080.300048828125,4080.89990234375,4051.300048828125,4056.10009765625,22001
2026.07.24,16:00,4055.89990234375,4070.800048828125,4053.89990234375,4070.800048828125,1967
2026.07.26,16:00,4091.5,4099.0,4085.800048828125,4096.89990234375,3899
2026.07.26,20:00,4096.7998046875,4119.2998046875,4087.0,4092.5,15102
2026.07.27,00:00,4093.0,4108.2998046875,4086.5,4090.5,10032
2026.07.27,04:00,4090.39990234375,4107.0,4088.39990234375,4095.89990234375,18320
2026.07.27,08:00,4096.5,4099.7998046875,4067.10009765625,4080.60009765625,56146
2026.07.27,12:00,4080.800048828125,4095.699951171875,4072.199951171875,4085.39990234375,24811
2026.07.27,16:00,4085.60009765625,4086.39990234375,4071.0,4074.39990234375,2736
2026.07.27,20:00,4074.39990234375,4075.5,4040.699951171875,4049.60009765625,13353
2026.07.28,00:00,4049.0,4052.89990234375,4034.60009765625,4047.300048828125,20275
2026.07.28,04:00,4047.300048828125,4055.60009765625,4016.5,4027.5,30202
2026.07.28,08:00,4027.699951171875,4047.39990234375,4011.10009765625,4046.5,59430
2026.07.28,12:00,4046.5,4046.800048828125,4021.39990234375,4025.89990234375,38149
2026.07.28,16:00,4025.800048828125,4034.0,4013.199951171875,4024.300048828125,2867
2026.07.28,20:00,4025.0,4036.800048828125,4009.300048828125,4021.5,3480
2026.07.29,00:00,4022.0,4106.7001953125,4019.300048828125,4102.60009765625,17037
2026.07.29,04:00,4103.0,4103.5,4084.0,4091.5,17271
2026.07.29,08:00,4092.10009765625,4092.5,4053.89990234375,4068.5,57366
2026.07.29,12:00,4068.5,4176.7998046875,4066.300048828125,4104.5,75331
2026.07.29,16:00,4104.0,4158.0,4101.7001953125,4142.0,8316
2026.07.29,20:00,4142.5,4151.5,4107.60009765625,4114.10009765625,15872
2026.07.30,00:00,4115.60009765625,4117.10009765625,4085.0,4096.10009765625,18776
2026.07.30,04:00,4096.10009765625,4142.2001953125,4093.89990234375,4136.0,22420
2026.07.30,08:00,4136.0,4180.2001953125,4123.2001953125,4167.0,57675
2026.07.30,12:00,4166.7998046875,4178.2998046875,4157.10009765625,4170.5,19781
2026.07.30,16:00,4171.2001953125,4176.7001953125,4158.0,4164.39990234375,4656
2026.07.30,20:00,4164.7998046875,4165.39990234375,4129.7001953125,4133.10009765625,10410
2026.07.31,00:00,4132.60009765625,4145.2998046875,4124.7001953125,4125.10009765625,10710
2026.07.31,04:00,4125.10009765625,4125.39990234375,4106.5,4110.0,14909
2026.07.31,08:00,4110.2001953125,4115.7001953125,4076.39990234375,4101.7001953125,47267
2026.07.31,12:00,4101.7998046875,4111.89990234375,4097.2001953125,4107.7001953125,17663
2026.07.31,16:00,4107.7001953125,4109.2001953125,4097.39990234375,4107.0,2513
2026.08.02,16:00,4131.10009765625,4135.7998046875,4119.0,4130.39990234375,4169
2026.08.02,20:00,4130.5,4134.7001953125,4102.7001953125,4120.0,11890
2026.08.03,00:00,4120.39990234375,4127.2998046875,4107.2998046875,4117.10009765625,11382
2026.08.03,04:00,4117.10009765625,4119.39990234375,4101.7001953125,4118.89990234375,11670
2026.08.03,08:00,4119.0,4121.10009765625,4074.0,4091.60009765625,33792
2026.08.03,12:00,4091.60009765625,4112.0,4085.39990234375,4108.2001953125,14431
2026.08.03,16:00,4108.2998046875,4115.0,4104.60009765625,4109.2998046875,3619
2026.08.03,20:00,4109.2001953125,4125.10009765625,4098.2001953125,4108.2001953125,10832
2026.08.04,00:00,4107.39990234375,4123.7001953125,4106.39990234375,4121.7998046875,11501
2026.08.04,04:00,4121.89990234375,4141.7998046875,4101.39990234375,4132.10009765625,19760
2026.08.04,08:00,4132.2998046875,4151.5,4117.2001953125,4143.89990234375,44789
2026.08.04,12:00,4144.60009765625,4163.7998046875,4132.10009765625,4135.5,22320
2026.08.04,16:00,4135.5,4142.10009765625,4121.60009765625,4128.7001953125,4251
2026.08.04,20:00,4128.60009765625,4193.7998046875,4126.2998046875,4186.60009765625,19228
2026.08.05,00:00,4186.10009765625,4238.5,4186.0,4229.89990234375,36240
2026.08.05,04:00,4229.5,4252.2001953125,4209.10009765625,4248.39990234375,30311
2026.08.05,08:00,4248.5,4325.5,4243.10009765625,4293.0,77870
2026.08.05,12:00,4292.60009765625,4328.2001953125,4285.0,4307.7998046875,31772
2026.08.05,16:00,4307.89990234375,4341.10009765625,4303.5,4337.2998046875,6941
2026.08.05,20:00,4337.2001953125,4363.7001953125,4319.60009765625,4324.7001953125,32975
2026.08.06,00:00,4324.5,4327.5,4306.2001953125,4321.7001953125,16087
2026.08.06,04:00,4321.7998046875,4344.2001953125,4312.7001953125,4322.60009765625,18839
2026.08.06,08:00,4322.2001953125,4334.7001953125,4285.2001953125,4291.5,59782
2026.08.06,12:00,4291.7998046875,4309.7998046875,4281.2001953125,4307.7998046875,24763
2026.08.06,16:00,4307.7001953125,4311.7998046875,4293.60009765625,4311.0,4045
2026.08.06,20:00,4310.39990234375,4325.0,4288.0,4322.7998046875,14764
2026.08.07,00:00,4325.2998046875,4358.0,4320.2001953125,4348.89990234375,23255
2026.08.07,04:00,4348.7998046875,4387.10009765625,4347.89990234375,4380.7998046875,28868
2026.08.07,08:00,4380.7001953125,4432.2998046875,4361.0,4400.39990234375,81706
2026.08.07,12:00,4400.5,4410.60009765625,4387.39990234375,4403.10009765625,27948
2026.08.07,16:00,4402.89990234375,4404.60009765625,4395.2998046875,4399.7001953125,2589
2026.08.09,16:00,4398.0,4408.0,4390.7998046875,4392.0,2761
2026.08.09,20:00,4391.89990234375,4406.0,4373.89990234375,4387.7998046875,15250
2026.08.10,00:00,4387.5,4421.5,4383.60009765625,4414.7001953125,16661
2026.08.10,04:00,4415.0,4416.0,4386.2998046875,4393.89990234375,16189
2026.08.10,08:00,4393.7998046875,4419.2001953125,4375.0,4417.89990234375,35007
2026.08.10,12:00,4418.7998046875,4453.7998046875,4408.60009765625,4446.7998046875,26899
2026.08.10,16:00,4447.2001953125,4462.39990234375,4443.2001953125,4462.10009765625,3850
2026.08.10,20:00,4462.7998046875,4495.0,4453.0,4477.0,22500
2026.08.11,00:00,4476.5,4480.2998046875,4415.7001953125,4416.89990234375,23987
2026.08.11,04:00,4417.10009765625,4451.7998046875,4416.10009765625,4446.10009765625,18590
2026.08.11,08:00,4446.2001953125,4463.2998046875,4428.2001953125,4443.2001953125,43120
2026.08.11,12:00,4443.5,4445.7001953125,4419.7001953125,4429.60009765625,21718
2026.08.11,16:00,4429.5,4437.7998046875,4421.39990234375,4430.39990234375,4378
2026.08.11,20:00,4430.60009765625,4475.7001953125,4426.0,4461.7998046875,16569
2026.08.12,00:00,4462.39990234375,4469.5,4444.0,4465.89990234375,15869
2026.08.12,04:00,4465.5,4484.2001953125,4460.60009765625,4472.39990234375,17724
2026.08.12,08:00,4472.2001953125,4502.7001953125,4440.0,4480.39990234375,66467
2026.08.12,12:00,4480.2001953125,4486.2001953125,4455.89990234375,4473.89990234375,23254
2026.08.12,16:00,4474.2998046875,4474.2998046875,4456.5,4473.10009765625,2701
2026.08.12,20:00,4473.2001953125,4509.10009765625,4457.0,4458.2998046875,21611
2026.08.13,00:00,4458.7001953125,4465.2001953125,4425.60009765625,4426.39990234375,21110
2026.08.13,04:00,4426.39990234375,4454.2001953125,4420.2998046875,4444.39990234375,16024
2026.08.13,08:00,4444.5,4460.0,4408.7998046875,4422.10009765625,46033
2026.08.13,12:00,4422.2998046875,4430.60009765625,4400.0,4406.39990234375,24020
2026.08.13,16:00,4406.0,4419.39990234375,4402.89990234375,4411.7998046875,5431
2026.08.13,20:00,4411.60009765625,4417.39990234375,4365.5,4379.60009765625,22767
2026.08.14,00:00,4379.2001953125,4401.60009765625,4365.60009765625,4400.2998046875,12929
2026.08.14,04:00,4400.2998046875,4426.0,4398.10009765625,4425.7998046875,16258
2026.08.14,08:00,4425.5,4454.60009765625,4421.7998046875,4448.7998046875,45650
2026.08.14,12:00,4449.0,4454.2998046875,4427.5,4431.60009765625,18130
2026.08.14,16:00,4431.39990234375,4437.2998046875,4426.89990234375,4437.2998046875,1871
2026.08.16,16:00,4433.7001953125,4442.5,4422.2998046875,4425.5,4993
2026.08.16,20:00,4426.0,4473.2001953125,4423.5,4453.7001953125,17235
2026.08.17,00:00,4453.5,4467.89990234375,4443.39990234375,4461.5,14099
2026.08.17,04:00,4460.89990234375,4462.60009765625,4445.7001953125,4453.5,14537
2026.08.17,08:00,4453.39990234375,4485.2998046875,4433.39990234375,4484.7998046875,41788
2026.08.17,12:00,4485.10009765625,4486.5,4454.5,4475.89990234375,24562
2026.08.17,16:00,4475.7001953125,4482.10009765625,4466.0,4482.0,3241
2026.08.17,20:00,4482.5,4493.10009765625,4446.2998046875,4448.10009765625,17889
2026.08.18,00:00,4447.39990234375,4459.5,4441.39990234375,4451.2001953125,12854
2026.08.18,04:00,4451.60009765625,4456.2001953125,4442.39990234375,4452.5,11745
2026.08.18,08:00,4452.60009765625,4463.0,4406.7998046875,4420.2001953125,58346
2026.08.18,12:00,4420.89990234375,4427.0,4392.2998046875,4400.0,20583
2026.08.18,16:00,4400.0,4401.2001953125,4383.2998046875,4386.39990234375,5752
